,dow,dom,month,year,in_demand,out_demand,prev_holy,pos_holy
0,3,1,7,2014,523600.0,523600.0,0,0
1,4,2,7,2014,1017634.0,1017634.0,0,1
2,5,3,7,2014,0.0,0.0,0,0
3,6,4,7,2014,2300000.0,2300000.0,1,0
4,7,5,7,2014,0.0,0.0,0,0
5,1,6,7,2014,0.0,0.0,0,0
6,2,7,7,2014,1090000.0,1090000.0,0,0
7,3,8,7,2014,590000.0,590000.0,0,1
8,4,9,7,2014,0.0,0.0,0,0
9,5,10,7,2014,430000.0,430000.0,1,0
10,6,11,7,2014,471000.0,471000.0,0,0
11,7,12,7,2014,0.0,0.0,0,0
12,1,13,7,2014,0.0,0.0,0,0
13,2,14,7,2014,473500.0,473500.0,0,0
14,3,15,7,2014,717500.0,717500.0,0,0
15,4,16,7,2014,679500.0,679500.0,0,0
16,5,17,7,2014,639900.0,639900.0,0,0
17,6,18,7,2014,538300.0,538300.0,0,0
18,7,19,7,2014,0.0,0.0,0,0
19,1,20,7,2014,0.0,0.0,0,0
20,2,21,7,2014,728400.0,728400.0,0,0
21,3,22,7,2014,629900.0,629900.0,0,0
22,4,23,7,2014,596834.0,596834.0,0,0
23,5,24,7,2014,681900.0,681900.0,0,0
24,6,25,7,2014,905195.0,905195.0,0,0
25,7,26,7,2014,0.0,0.0,0,0
26,1,27,7,2014,0.0,0.0,0,0
27,2,28,7,2014,704700.0,704700.0,0,0
28,3,29,7,2014,537100.0,537100.0,0,0
29,4,30,7,2014,867134.0,867134.0,0,0
30,5,31,7,2014,774500.0,774500.0,0,0
31,6,1,8,2014,1213500.0,1213500.0,0,0
32,7,2,8,2014,0.0,0.0,0,0
33,1,3,8,2014,0.0,0.0,0,0
34,2,4,8,2014,1163500.0,1163500.0,0,0
35,3,5,8,2014,1233000.0,1233000.0,0,0
36,4,6,8,2014,1155000.0,1155000.0,0,0
37,5,7,8,2014,1358000.0,1358000.0,0,0
38,6,8,8,2014,1538300.0,1538300.0,0,0
39,7,9,8,2014,0.0,0.0,0,0
40,1,10,8,2014,0.0,0.0,0,0
41,2,11,8,2014,1163300.0,1163300.0,0,0
42,3,12,8,2014,677300.0,677300.0,0,0
43,4,13,8,2014,1063300.0,1063300.0,0,0
44,5,14,8,2014,2590200.0,2590200.0,0,0
45,6,15,8,2014,1158200.0,1158200.0,0,1
46,7,16,8,2014,0.0,0.0,0,0
47,1,17,8,2014,0.0,0.0,0,0
48,2,18,8,2014,0.0,0.0,0,0
49,3,19,8,2014,662300.0,662300.0,1,0
50,4,20,8,2014,789300.0,789300.0,0,0
51,5,21,8,2014,1020800.0,1020800.0,0,1
52,6,22,8,2014,0.0,0.0,0,0
53,7,23,8,2014,0.0,0.0,0,0
54,1,24,8,2014,0.0,0.0,0,0
55,2,25,8,2014,788858.0,788858.0,1,0
56,3,26,8,2014,1187200.0,1187200.0,0,0
57,4,27,8,2014,847200.0,847200.0,0,2
58,5,28,8,2014,0.0,0.0,0,0
59,6,29,8,2014,0.0,0.0,0,0
60,7,30,8,2014,0.0,0.0,0,0
61,1,31,8,2014,0.0,0.0,0,0
62,2,1,9,2014,1420200.0,1420200.0,2,0
63,3,2,9,2014,1407200.0,1407200.0,0,0
64,4,3,9,2014,1537200.0,1537200.0,0,0
65,5,4,9,2014,1506200.0,1506200.0,0,0
66,6,5,9,2014,1467200.0,1467200.0,0,0
67,7,6,9,2014,0.0,0.0,0,0
68,1,7,9,2014,0.0,0.0,0,0
69,2,8,9,2014,1433700.0,1433700.0,0,1
70,3,9,9,2014,0.0,0.0,0,0
71,4,10,9,2014,1438700.0,1438700.0,1,0
72,5,11,9,2014,3334700.0,3334700.0,0,0
73,6,12,9,2014,2073700.0,2073700.0,0,1
74,7,13,9,2014,0.0,0.0,0,0
75,1,14,9,2014,0.0,0.0,0,0
76,2,15,9,2014,0.0,0.0,0,0
77,3,16,9,2014,711700.0,711700.0,1,0
78,4,17,9,2014,1064700.0,1064700.0,0,0
79,5,18,9,2014,1523700.0,1523700.0,0,0
80,6,19,9,2014,1703700.0,1703700.0,0,0
81,7,20,9,2014,0.0,0.0,0,0
82,1,21,9,2014,0.0,0.0,0,0
83,2,22,9,2014,1877700.0,1877700.0,0,0
84,3,23,9,2014,1098700.0,1098700.0,0,0
85,4,24,9,2014,2126700.0,2126700.0,0,0
86,5,25,9,2014,1795700.0,1795700.0,0,0
87,6,26,9,2014,2381700.0,2381700.0,0,0
88,7,27,9,2014,0.0,0.0,0,0
89,1,28,9,2014,0.0,0.0,0,0
90,2,29,9,2014,2262700.0,2262700.0,0,0
91,3,30,9,2014,1560700.0,1560700.0,0,0
92,4,1,10,2014,5322700.0,5322700.0,0,0
93,5,2,10,2014,4178700.0,4178700.0,0,0
94,6,3,10,2014,5020200.0,5020200.0,0,0
95,7,4,10,2014,0.0,0.0,0,0
96,1,5,10,2014,0.0,0.0,0,0
97,2,6,10,2014,1346200.0,1346200.0,0,0
98,3,7,10,2014,4875200.0,4875200.0,0,0
99,4,8,10,2014,5304200.0,5304200.0,0,0
100,5,9,10,2014,2142200.0,2142200.0,0,0
101,6,10,10,2014,6298200.0,6298200.0,0,1
102,7,11,10,2014,0.0,0.0,0,0
103,1,12,10,2014,0.0,0.0,0,0
104,2,13,10,2014,0.0,0.0,0,0
105,3,14,10,2014,1436200.0,1436200.0,1,0
106,4,15,10,2014,2096200.0,2096200.0,0,0
107,5,16,10,2014,1205200.0,1205200.0,0,0
108,6,17,10,2014,1567200.0,1567200.0,0,0
109,7,18,10,2014,0.0,0.0,0,0
110,1,19,10,2014,0.0,0.0,0,0
111,2,20,10,2014,1747200.0,1747200.0,0,0
112,3,21,10,2014,1509200.0,1509200.0,0,0
113,4,22,10,2014,1410200.0,1410200.0,0,0
114,5,23,10,2014,554000.0,554000.0,0,0
115,6,24,10,2014,1862200.0,1862200.0,0,0
116,7,25,10,2014,0.0,0.0,0,0
117,1,26,10,2014,0.0,0.0,0,0
118,2,27,10,2014,1284000.0,1284000.0,0,0
119,3,28,10,2014,2314200.0,2314200.0,0,0
120,4,29,10,2014,1518000.0,1518000.0,0,0
121,5,30,10,2014,2050700.0,2050700.0,0,0
122,6,31,10,2014,1238700.0,1238700.0,0,0
123,7,1,11,2014,0.0,0.0,0,0
124,1,2,11,2014,0.0,0.0,0,0
125,2,3,11,2014,5859200.0,5859200.0,0,0
126,3,4,11,2014,3647200.0,3647200.0,0,0
127,4,5,11,2014,4609200.0,4609200.0,0,1
128,5,6,11,2014,0.0,0.0,0,0
129,6,7,11,2014,2256200.0,2256200.0,1,0
130,7,8,11,2014,0.0,0.0,0,0
131,1,9,11,2014,0.0,0.0,0,0
132,2,10,11,2014,4169700.0,4169700.0,0,0
133,3,11,11,2014,4354700.0,4354700.0,0,0
134,4,12,11,2014,762700.0,762700.0,0,1
135,5,13,11,2014,0.0,0.0,0,0
136,6,14,11,2014,2242700.0,2242700.0,1,0
137,7,15,11,2014,0.0,0.0,0,0
138,1,16,11,2014,0.0,0.0,0,0
139,2,17,11,2014,2126700.0,2126700.0,0,0
140,3,18,11,2014,2058700.0,2058700.0,0,0
141,4,19,11,2014,2710700.0,2710700.0,0,0
142,5,20,11,2014,2753700.0,2753700.0,0,0
143,6,21,11,2014,1482700.0,1482700.0,0,1
144,7,22,11,2014,0.0,0.0,0,0
145,1,23,11,2014,0.0,0.0,0,0
146,2,24,11,2014,0.0,0.0,0,0
147,3,25,11,2014,1762700.0,1762700.0,1,0
148,4,26,11,2014,1134700.0,1134700.0,0,0
149,5,27,11,2014,1799700.0,1799700.0,0,0
150,6,28,11,2014,1789700.0,1789700.0,0,0
151,7,29,11,2014,0.0,0.0,0,0
152,1,30,11,2014,0.0,0.0,0,0
153,2,1,12,2014,2584200.0,2584200.0,0,0
154,3,2,12,2014,4952200.0,4952200.0,0,0
155,4,3,12,2014,4934200.0,4934200.0,0,0
156,5,4,12,2014,3579700.0,3579700.0,0,0
157,6,5,12,2014,3142700.0,3142700.0,0,1
158,7,6,12,2014,0.0,0.0,0,0
159,1,7,12,2014,0.0,0.0,0,0
160,2,8,12,2014,0.0,0.0,0,0
161,3,9,12,2014,2689200.0,2689200.0,1,0
162,4,10,12,2014,2334200.0,2334200.0,0,0
163,5,11,12,2014,3572200.0,3572200.0,0,0
164,6,12,12,2014,3041200.0,3041200.0,0,0
165,7,13,12,2014,0.0,0.0,0,0
166,1,14,12,2014,0.0,0.0,0,0
167,2,15,12,2014,4869297.0,4869297.0,0,0
168,3,16,12,2014,2598000.0,2598000.0,0,0
169,4,17,12,2014,2471000.0,2471000.0,0,0
170,5,18,12,2014,3520000.0,3520000.0,0,0
171,6,19,12,2014,4801200.0,4801200.0,0,0
172,7,20,12,2014,0.0,0.0,0,0
173,1,21,12,2014,0.0,0.0,0,0
174,2,22,12,2014,5153400.0,5153400.0,0,0
175,3,23,12,2014,4023400.0,4023400.0,0,0
176,4,24,12,2014,2218400.0,1408000.0,0,2
177,5,25,12,2014,0.0,0.0,0,0
178,6,26,12,2014,0.0,0.0,0,0
179,7,27,12,2014,0.0,0.0,0,0
180,1,28,12,2014,0.0,0.0,0,0
181,2,29,12,2014,3116300.0,3926700.0,2,0
182,3,30,12,2014,3731200.0,3731200.0,0,2
183,4,31,12,2014,0.0,0.0,0,0
184,5,1,1,2015,0.0,0.0,0,0
185,6,2,1,2015,3653000.0,3653000.0,2,0
186,7,3,1,2015,0.0,0.0,0,0
187,1,4,1,2015,0.0,0.0,0,0
188,2,5,1,2015,4746800.0,4746800.0,0,0
189,3,6,1,2015,4548800.0,4548800.0,0,0
190,4,7,1,2015,4313600.0,4313600.0,0,0
191,5,8,1,2015,3671200.0,3671200.0,0,0
192,6,9,1,2015,3527200.0,3527200.0,0,0
193,7,10,1,2015,0.0,0.0,0,0
194,1,11,1,2015,0.0,0.0,0,0
195,2,12,1,2015,3800200.0,3800200.0,0,0
196,3,13,1,2015,3258200.0,3258200.0,0,0
197,4,14,1,2015,3505200.0,3505200.0,0,0
198,5,15,1,2015,5779200.0,5779200.0,0,0
199,6,16,1,2015,3456200.0,2394000.0,0,0
200,7,17,1,2015,0.0,0.0,0,0
201,1,18,1,2015,0.0,0.0,0,0
202,2,19,1,2015,700000.0,1762200.0,0,0
203,3,20,1,2015,2183200.0,2183200.0,0,0
204,4,21,1,2015,1878400.0,1878400.0,0,0
205,5,22,1,2015,2406400.0,2406400.0,0,0
206,6,23,1,2015,2456400.0,2456400.0,0,0
207,7,24,1,2015,0.0,0.0,0,0
208,1,25,1,2015,0.0,0.0,0,0
209,2,26,1,2015,1595400.0,1595400.0,0,0
210,3,27,1,2015,2620400.0,2620400.0,0,0
211,4,28,1,2015,1910400.0,1910400.0,0,0
212,5,29,1,2015,1014300.0,1014300.0,0,0
213,6,30,1,2015,1691500.0,1691500.0,0,0
214,7,31,1,2015,0.0,0.0,0,0
215,1,1,2,2015,0.0,0.0,0,0
216,2,2,2,2015,5672500.0,5672500.0,0,0
217,3,3,2,2015,6285195.0,6285195.0,0,0
218,4,4,2,2015,6968000.0,6968000.0,0,0
219,5,5,2,2015,6480500.0,6480500.0,0,0
220,6,6,2,2015,4659500.0,4659500.0,0,0
221,7,7,2,2015,0.0,0.0,0,0
222,1,8,2,2015,0.0,0.0,0,0
223,2,9,2,2015,4538573.0,4538573.0,0,0
224,3,10,2,2015,5936700.0,5936700.0,0,0
225,4,11,2,2015,4681700.0,4681700.0,0,0
226,5,12,2,2015,2837700.0,2837700.0,0,0
227,6,13,2,2015,2216753.0,2216753.0,0,2
228,7,14,2,2015,0.0,0.0,0,0
229,1,15,2,2015,0.0,0.0,0,0
230,2,16,2,2015,0.0,0.0,0,0
231,3,17,2,2015,0.0,0.0,0,0
232,4,18,2,2015,3690100.0,3690100.0,2,0
233,5,19,2,2015,4885119.0,4885119.0,0,1
234,6,20,2,2015,0.0,0.0,0,0
235,7,21,2,2015,0.0,0.0,0,0
236,1,22,2,2015,0.0,0.0,0,0
237,2,23,2,2015,5816870.0,5816870.0,1,0
238,3,24,2,2015,3348700.0,3348700.0,0,0
239,4,25,2,2015,3853700.0,3853700.0,0,0
240,5,26,2,2015,3241700.0,3241700.0,0,0
241,6,27,2,2015,3760700.0,3760700.0,0,0
242,7,28,2,2015,0.0,0.0,0,0
243,1,1,3,2015,0.0,0.0,0,0
244,2,2,3,2015,9949700.0,9949700.0,0,1
245,3,3,3,2015,0.0,0.0,0,0
246,4,4,3,2015,9006000.0,9006000.0,1,0
247,5,5,3,2015,5441900.0,5441900.0,0,0
248,6,6,3,2015,5130200.0,5130200.0,0,0
249,7,7,3,2015,0.0,0.0,0,0
250,1,8,3,2015,0.0,0.0,0,0
251,2,9,3,2015,3999203.0,3999203.0,0,0
252,3,10,3,2015,3151500.0,3151500.0,0,0
253,4,11,3,2015,5940500.0,5940500.0,0,0
254,5,12,3,2015,4086100.0,4086100.0,0,0
255,6,13,3,2015,4012500.0,4012500.0,0,0
256,7,14,3,2015,0.0,0.0,0,0
257,1,15,3,2015,0.0,0.0,0,0
258,2,16,3,2015,2241500.0,2241500.0,0,0
259,3,17,3,2015,2625500.0,2625500.0,0,0
260,4,18,3,2015,3050500.0,3050500.0,0,0
261,5,19,3,2015,1845500.0,1845500.0,0,0
262,6,20,3,2015,2546500.0,2546500.0,0,2
263,7,21,3,2015,0.0,0.0,0,0
264,1,22,3,2015,0.0,0.0,0,0
265,2,23,3,2015,0.0,0.0,0,0
266,3,24,3,2015,0.0,0.0,0,0
267,4,25,3,2015,1799500.0,1799500.0,2,0
268,5,26,3,2015,3170500.0,3170500.0,0,0
269,6,27,3,2015,2231700.0,2231700.0,0,0
270,7,28,3,2015,0.0,0.0,0,0
271,1,29,3,2015,0.0,0.0,0,0
272,2,30,3,2015,2273700.0,2273700.0,0,1
273,3,31,3,2015,0.0,0.0,0,0
274,4,1,4,2015,5541200.0,5541200.0,1,2
275,5,2,4,2015,0.0,0.0,0,0
276,6,3,4,2015,0.0,0.0,0,0
277,7,4,4,2015,0.0,0.0,0,0
278,1,5,4,2015,0.0,0.0,0,0
279,2,6,4,2015,6405100.0,6405100.0,2,0
280,3,7,4,2015,8441700.0,8441700.0,0,0
281,4,8,4,2015,6665000.0,6665000.0,0,0
282,5,9,4,2015,5186000.0,5186000.0,0,0
283,6,10,4,2015,3760600.0,3760600.0,0,0
284,7,11,4,2015,0.0,0.0,0,0
285,1,12,4,2015,0.0,0.0,0,0
286,2,13,4,2015,2959600.0,2959600.0,0,0
287,3,14,4,2015,4581600.0,4581600.0,0,0
288,4,15,4,2015,3337100.0,3337100.0,0,0
289,5,16,4,2015,4465100.0,4465100.0,0,0
290,6,17,4,2015,3759400.0,3759400.0,0,0
291,7,18,4,2015,0.0,0.0,0,0
292,1,19,4,2015,0.0,0.0,0,0
293,2,20,4,2015,3524400.0,3524400.0,0,0
294,3,21,4,2015,3311400.0,3311400.0,0,0
295,4,22,4,2015,2899400.0,2899400.0,0,0
296,5,23,4,2015,2526400.0,2526400.0,0,0
297,6,24,4,2015,3350460.0,3350460.0,0,0
298,7,25,4,2015,0.0,0.0,0,0
299,1,26,4,2015,0.0,0.0,0,0
300,2,27,4,2015,2639900.0,2639900.0,0,0
301,3,28,4,2015,3790400.0,3790400.0,0,0
302,4,29,4,2015,3446900.0,3446900.0,0,0
303,5,30,4,2015,2826900.0,2826900.0,0,1
304,6,1,5,2015,0.0,0.0,0,0
305,7,2,5,2015,0.0,0.0,0,0
306,1,3,5,2015,0.0,0.0,0,0
307,2,4,5,2015,4442500.0,4442500.0,1,0
308,3,5,5,2015,6569100.0,6569100.0,0,0
309,4,6,5,2015,8455644.0,8455644.0,0,0
310,5,7,5,2015,2178600.0,2178600.0,0,0
311,6,8,5,2015,7924600.0,7924600.0,0,0
312,7,9,5,2015,0.0,0.0,0,0
313,1,10,5,2015,0.0,0.0,0,0
314,2,11,5,2015,6265640.0,6265640.0,0,0
315,3,12,5,2015,1105200.0,1105200.0,0,0
316,4,13,5,2015,5902700.0,5902700.0,0,0
317,5,14,5,2015,4164719.0,4164719.0,0,0
318,6,15,5,2015,6057300.0,6057300.0,0,0
319,7,16,5,2015,0.0,0.0,0,0
320,1,17,5,2015,0.0,0.0,0,0
321,2,18,5,2015,2207600.0,2207600.0,0,0
322,3,19,5,2015,4120800.0,4120800.0,0,0
323,4,20,5,2015,5148600.0,5148600.0,0,0
324,5,21,5,2015,5262700.0,5262700.0,0,0
325,6,22,5,2015,4632700.0,4632700.0,0,0
326,5,28,5,2015,1959657.0,1959657.0,0,0
327,6,29,5,2015,4997100.0,4997100.0,0,0
328,7,30,5,2015,0.0,0.0,0,0
329,1,31,5,2015,0.0,0.0,0,0
330,2,1,6,2015,5182400.0,5182400.0,0,0
331,3,2,6,2015,6130700.0,6130700.0,0,0
332,4,3,6,2015,6511700.0,6511700.0,0,0
333,5,4,6,2015,4977499.0,4977499.0,0,0
334,6,5,6,2015,4314800.0,4314800.0,0,0
335,7,6,6,2015,0.0,0.0,0,0
336,1,7,6,2015,0.0,0.0,0,0
337,2,8,6,2015,3582300.0,3582300.0,0,0
338,3,9,6,2015,5812349.0,5812349.0,0,0
339,4,10,6,2015,1054400.0,1054400.0,0,0
340,5,11,6,2015,4529400.0,4529400.0,0,0
341,6,12,6,2015,6270600.0,6270600.0,0,0
342,7,13,6,2015,0.0,0.0,0,0
343,1,14,6,2015,0.0,0.0,0,0
344,2,15,6,2015,3740600.0,3740600.0,0,0
345,3,16,6,2015,3877700.0,3877700.0,0,1
346,4,17,6,2015,0.0,0.0,0,0
347,5,18,6,2015,1999718.0,1999718.0,1,0
348,6,19,6,2015,7058750.0,7058750.0,0,0
349,7,20,6,2015,0.0,0.0,0,0
350,1,21,6,2015,0.0,0.0,0,0
351,2,22,6,2015,6196100.0,6196100.0,0,0
352,3,23,6,2015,4067200.0,4067200.0,0,0
353,4,24,6,2015,5100700.0,5100700.0,0,0
354,5,25,6,2015,2610100.0,2610100.0,0,0
355,6,26,6,2015,5236830.0,5236830.0,0,0
356,7,27,6,2015,0.0,0.0,0,0
357,1,28,6,2015,0.0,0.0,0,0
358,2,29,6,2015,4240000.0,4240000.0,0,0
359,3,30,6,2015,4906400.0,4906400.0,0,0
360,4,1,7,2015,6094100.0,6094100.0,0,0
361,5,2,7,2015,7905600.0,7905600.0,0,0
362,6,3,7,2015,5634200.0,5634200.0,0,0
363,7,4,7,2015,0.0,0.0,0,0
364,1,5,7,2015,0.0,0.0,0,0
365,2,6,7,2015,10201000.0,10201000.0,0,0
366,3,7,7,2015,12512000.0,12512000.0,0,0
367,4,8,7,2015,8975387.0,8975387.0,0,1
368,5,9,7,2015,0.0,0.0,0,0
369,6,10,7,2015,6172975.0,6172975.0,1,0
370,7,11,7,2015,0.0,0.0,0,0
371,1,12,7,2015,0.0,0.0,0,0
372,2,13,7,2015,4658200.0,4658200.0,0,0
373,3,14,7,2015,5691200.0,5691200.0,0,0
374,4,15,7,2015,4429788.0,4429788.0,0,0
375,5,16,7,2015,6395000.0,6395000.0,0,0
376,6,17,7,2015,6224742.0,6224742.0,0,0
377,7,18,7,2015,0.0,0.0,0,0
378,1,19,7,2015,0.0,0.0,0,0
379,2,20,7,2015,2884000.0,2884000.0,0,0
380,3,21,7,2015,9768600.0,9768600.0,0,0
381,4,22,7,2015,2458100.0,2458100.0,0,0
382,5,23,7,2015,7881000.0,7881000.0,0,0
383,6,24,7,2015,5753041.0,5753041.0,0,0
384,7,25,7,2015,0.0,0.0,0,0
385,1,26,7,2015,0.0,0.0,0,0
386,2,27,7,2015,4662400.0,4662400.0,0,0
387,3,28,7,2015,5427600.0,5427600.0,0,0
388,4,29,7,2015,3845300.0,3845300.0,0,0
389,5,30,7,2015,3685800.0,3685800.0,0,0
390,6,31,7,2015,3926700.0,3926700.0,0,0
391,7,1,8,2015,0.0,0.0,0,0
392,1,2,8,2015,0.0,0.0,0,0
393,2,3,8,2015,11340700.0,11340700.0,0,0
394,3,4,8,2015,7869000.0,7869000.0,0,0
395,4,5,8,2015,4556400.0,4556400.0,0,0
396,5,6,8,2015,10350991.0,10350991.0,0,0
397,6,7,8,2015,11195155.0,11195155.0,0,0
398,7,8,8,2015,0.0,0.0,0,0
399,1,9,8,2015,0.0,0.0,0,0
400,2,10,8,2015,9236700.0,9236700.0,0,0
401,3,11,8,2015,9459700.0,9459700.0,0,0
402,4,12,8,2015,6705900.0,6705900.0,0,0
403,5,13,8,2015,6257800.0,6257800.0,0,0
404,6,14,8,2015,8777500.0,8777500.0,0,1
405,7,15,8,2015,0.0,0.0,0,0
406,1,16,8,2015,0.0,0.0,0,0
407,2,17,8,2015,0.0,0.0,0,0
408,3,18,8,2015,6191900.0,6191900.0,1,0
409,4,19,8,2015,5173300.0,5173300.0,0,0
410,5,20,8,2015,6154200.0,6154200.0,0,0
411,6,21,8,2015,5360166.0,5360166.0,0,0
412,7,22,8,2015,0.0,0.0,0,0
413,1,23,8,2015,0.0,0.0,0,0
414,2,24,8,2015,6551090.0,6551090.0,0,0
415,3,25,8,2015,5540900.0,5540900.0,0,0
416,4,26,8,2015,5522900.0,5522900.0,0,0
417,5,27,8,2015,3922600.0,3922600.0,0,0
418,6,28,8,2015,4648100.0,4648100.0,0,0
419,7,29,8,2015,0.0,0.0,0,0
420,1,30,8,2015,0.0,0.0,0,0
421,2,31,8,2015,4671900.0,4671900.0,0,0
422,3,1,9,2015,12272300.0,12272300.0,0,0
423,4,2,9,2015,12581166.0,12581166.0,0,0
424,5,3,9,2015,11732800.0,11732800.0,0,0
425,6,4,9,2015,16603789.0,16603789.0,0,0
426,7,5,9,2015,0.0,0.0,0,0
427,1,6,9,2015,0.0,0.0,0,0
428,2,7,9,2015,8224500.0,8224500.0,0,0
429,3,8,9,2015,12418200.0,12418200.0,0,0
430,4,9,9,2015,5382200.0,5382200.0,0,0
431,5,10,9,2015,11939700.0,11939700.0,0,0
432,6,11,9,2015,12528200.0,12528200.0,0,0
433,7,12,9,2015,0.0,0.0,0,0
434,1,13,9,2015,0.0,0.0,0,0
435,2,14,9,2015,2871900.0,2871900.0,0,1
436,3,15,9,2015,0.0,0.0,0,0
437,4,16,9,2015,4780929.0,4780929.0,1,0
438,5,17,9,2015,5208205.0,5208205.0,0,0
439,6,18,9,2015,5517100.0,5517100.0,0,0
440,7,19,9,2015,0.0,0.0,0,0
441,1,20,9,2015,0.0,0.0,0,0
442,2,21,9,2015,4739700.0,4739700.0,0,0
443,3,22,9,2015,1828200.0,1828200.0,0,0
444,4,23,9,2015,1616700.0,1616700.0,0,0
445,5,24,9,2015,4928967.0,4928967.0,0,0
446,6,25,9,2015,2141100.0,2141100.0,0,0
447,7,26,9,2015,0.0,0.0,0,0
448,1,27,9,2015,0.0,0.0,0,0
449,2,28,9,2015,2471500.0,2471500.0,0,0
450,3,29,9,2015,3267500.0,3267500.0,0,0
451,4,30,9,2015,3858591.0,3858591.0,0,0
452,5,1,10,2015,8667800.0,8667800.0,0,0
453,6,2,10,2015,6300734.0,6300734.0,0,0
454,7,3,10,2015,0.0,0.0,0,0
455,1,4,10,2015,0.0,0.0,0,0
456,2,5,10,2015,4763700.0,4763700.0,0,0
457,3,6,10,2015,7009005.0,7009005.0,0,0
458,4,7,10,2015,5575500.0,5575500.0,0,0
459,5,8,10,2015,6356957.0,6356957.0,0,0
460,6,9,10,2015,5810500.0,5810500.0,0,1
461,7,10,10,2015,0.0,0.0,0,0
462,1,11,10,2015,0.0,0.0,0,0
463,2,12,10,2015,0.0,0.0,0,0
464,3,13,10,2015,5364467.0,5364467.0,1,0
465,4,14,10,2015,5183104.0,5183104.0,0,0
466,5,15,10,2015,4089300.0,4089300.0,0,0
467,6,16,10,2015,4440700.0,4440700.0,0,0
468,7,17,10,2015,0.0,0.0,0,0
469,1,18,10,2015,0.0,0.0,0,0
470,2,19,10,2015,3473468.0,3473468.0,0,0
471,3,20,10,2015,4564100.0,4564100.0,0,0
472,4,21,10,2015,3629600.0,3629600.0,0,0
473,5,22,10,2015,2991600.0,2991600.0,0,0
474,6,23,10,2015,2591600.0,2591600.0,0,0
475,7,24,10,2015,0.0,0.0,0,0
476,1,25,10,2015,0.0,0.0,0,0
477,2,26,10,2015,2608618.0,2608618.0,0,0
478,3,27,10,2015,2954600.0,2954600.0,0,0
479,4,28,10,2015,3844300.0,3844300.0,0,0
480,5,29,10,2015,3787300.0,3787300.0,0,0
481,6,30,10,2015,4018700.0,4018700.0,0,0
482,7,31,10,2015,0.0,0.0,0,0
483,1,1,11,2015,0.0,0.0,0,0
484,2,2,11,2015,8562100.0,8562100.0,0,0
485,3,3,11,2015,10593513.0,10593513.0,0,0
486,4,4,11,2015,9887552.0,9887552.0,0,0
487,5,5,11,2015,8857100.0,8857100.0,0,1
488,6,6,11,2015,0.0,0.0,0,0
489,7,7,11,2015,0.0,0.0,0,0
490,1,8,11,2015,0.0,0.0,0,0
491,2,9,11,2015,6593300.0,6593300.0,1,0
492,3,10,11,2015,7480200.0,7480200.0,0,0
493,4,11,11,2015,7583278.0,7583278.0,0,0
494,5,12,11,2015,7080700.0,7080700.0,0,0
495,6,13,11,2015,6992100.0,6992100.0,0,0
496,7,14,11,2015,0.0,0.0,0,0
497,1,15,11,2015,0.0,0.0,0,0
498,2,16,11,2015,6621000.0,6621000.0,0,0
499,3,17,11,2015,4661000.0,4661000.0,0,0
500,4,18,11,2015,7135062.0,7135062.0,0,0
501,5,19,11,2015,4219534.0,4219534.0,0,0
502,6,20,11,2015,5634400.0,5634400.0,0,0
503,7,21,11,2015,0.0,0.0,0,0
504,1,22,11,2015,0.0,0.0,0,0
505,2,23,11,2015,5667700.0,5667700.0,0,0
506,3,24,11,2015,3426780.0,3426780.0,0,0
507,4,25,11,2015,4242800.0,4242800.0,0,0
508,5,26,11,2015,4146294.0,4146294.0,0,1
509,6,27,11,2015,0.0,0.0,0,0
510,7,28,11,2015,0.0,0.0,0,0
511,1,29,11,2015,0.0,0.0,0,0
512,2,30,11,2015,5012818.0,5012818.0,1,0
513,3,1,12,2015,4089891.0,4089891.0,0,0
514,4,2,12,2015,10291000.0,10291000.0,0,0
515,5,3,12,2015,11545300.0,11545300.0,0,0
516,6,4,12,2015,8796800.0,8796800.0,0,2
517,7,5,12,2015,0.0,0.0,0,0
518,1,6,12,2015,0.0,0.0,0,0
519,2,7,12,2015,0.0,0.0,0,0
520,3,8,12,2015,0.0,0.0,0,0
521,4,9,12,2015,8668900.0,8668900.0,2,0
522,5,10,12,2015,3462400.0,3462400.0,0,0
523,6,11,12,2015,9455500.0,9455500.0,0,0
524,7,12,12,2015,0.0,0.0,0,0
525,1,13,12,2015,0.0,0.0,0,0
526,2,14,12,2015,5173276.0,5173276.0,0,0
527,3,15,12,2015,8876132.0,8876132.0,0,0
528,4,16,12,2015,5065200.0,5065200.0,0,0
529,5,17,12,2015,699000.0,699000.0,0,0
530,6,18,12,2015,3574009.0,4574009.0,0,0
531,7,19,12,2015,0.0,0.0,0,0
532,1,20,12,2015,0.0,0.0,0,0
533,2,21,12,2015,8826774.0,8826774.0,0,0
534,3,22,12,2015,4699458.0,4699458.0,0,0
535,4,23,12,2015,7928489.0,7928489.0,0,0
536,5,24,12,2015,4065933.0,4065933.0,0,1
537,6,25,12,2015,0.0,0.0,0,0
538,7,26,12,2015,0.0,0.0,0,0
539,1,27,12,2015,0.0,0.0,0,0
540,2,28,12,2015,6715000.0,6715000.0,1,0
541,3,29,12,2015,8255426.0,8255426.0,0,0
542,4,30,12,2015,8533288.0,8533288.0,0,0
543,5,31,12,2015,4861200.0,4861200.0,0,1
544,6,1,1,2016,0.0,0.0,0,0
545,7,2,1,2016,0.0,0.0,0,0
546,1,3,1,2016,0.0,0.0,0,0
547,2,4,1,2016,6209600.0,6209600.0,1,0
548,3,5,1,2016,5543642.0,5543642.0,0,0
549,4,6,1,2016,6544967.0,6544967.0,0,0
550,5,7,1,2016,7218100.0,7218100.0,0,0
551,6,8,1,2016,8022700.0,8022700.0,0,0
552,7,9,1,2016,0.0,0.0,0,0
553,1,10,1,2016,0.0,0.0,0,0
554,2,11,1,2016,4728721.0,4728721.0,0,0
555,3,12,1,2016,6674400.0,6674400.0,0,0
556,4,13,1,2016,4400400.0,4400400.0,0,0
557,5,14,1,2016,7789900.0,7789900.0,0,0
558,6,15,1,2016,2638000.0,2638000.0,0,0
559,7,16,1,2016,0.0,0.0,0,0
560,1,17,1,2016,0.0,0.0,0,0
561,2,18,1,2016,4811001.0,4811001.0,0,0
562,3,19,1,2016,5626900.0,5626900.0,0,0
563,4,20,1,2016,4704400.0,4704400.0,0,0
564,5,21,1,2016,4428808.0,4428808.0,0,0
565,6,22,1,2016,4656400.0,4656400.0,0,0
566,7,23,1,2016,0.0,0.0,0,0
567,1,24,1,2016,0.0,0.0,0,0
568,2,25,1,2016,2608100.0,2608100.0,0,0
569,3,26,1,2016,3991700.0,3991700.0,0,0
570,4,27,1,2016,2058700.0,2058700.0,0,0
571,5,28,1,2016,2772800.0,2772800.0,0,0
572,6,29,1,2016,4092953.0,4092953.0,0,0
573,7,30,1,2016,0.0,0.0,0,0
574,1,31,1,2016,0.0,0.0,0,0
575,2,1,2,2016,2123800.0,2123800.0,0,0
576,3,2,2,2016,3790900.0,3790900.0,0,0
577,4,3,2,2016,4071400.0,4071400.0,0,0
578,5,4,2,2016,7511328.0,7511328.0,0,0
579,6,5,2,2016,3724050.0,3724050.0,0,2
580,7,6,2,2016,0.0,0.0,0,0
581,1,7,2,2016,0.0,0.0,0,0
582,2,8,2,2016,0.0,0.0,0,0
583,3,9,2,2016,0.0,0.0,0,0
584,4,10,2,2016,4604100.0,4604100.0,2,0
585,5,11,2,2016,4544100.0,4544100.0,0,0
586,6,12,2,2016,5950733.0,5950733.0,0,0
587,7,13,2,2016,0.0,0.0,0,0
588,1,14,2,2016,0.0,0.0,0,0
589,2,15,2,2016,6331933.0,6331933.0,0,0
590,3,16,2,2016,2357150.0,2357150.0,0,0
591,4,17,2,2016,7449933.0,7449933.0,0,0
592,5,18,2,2016,17729641.0,17729641.0,0,0
593,6,19,2,2016,5682491.0,5682491.0,0,0
594,7,20,2,2016,0.0,0.0,0,0
595,1,21,2,2016,0.0,0.0,0,0
596,2,22,2,2016,3095358.0,3095358.0,0,0
597,3,23,2,2016,6036724.0,6036724.0,0,0
598,4,24,2,2016,2324000.0,2324000.0,0,0
599,5,25,2,2016,3097500.0,3097500.0,0,0
600,6,26,2,2016,2320200.0,2320200.0,0,0
601,7,27,2,2016,0.0,0.0,0,0
602,1,28,2,2016,0.0,0.0,0,0
603,2,29,2,2016,3855957.0,3855957.0,0,0
604,3,1,3,2016,3074800.0,3074800.0,0,0
605,4,2,3,2016,5996174.0,5996174.0,0,0
606,5,3,3,2016,2937302.0,2937302.0,0,0
607,6,4,3,2016,5363000.0,5363000.0,0,0
608,7,5,3,2016,0.0,0.0,0,0
609,1,6,3,2016,0.0,0.0,0,0
610,2,7,3,2016,4181000.0,4181000.0,0,0
611,3,8,3,2016,4900000.0,4900000.0,0,0
612,4,9,3,2016,2780000.0,2780000.0,0,0
613,5,10,3,2016,3877500.0,3877500.0,0,0
614,6,11,3,2016,4565500.0,4565500.0,0,0
615,7,12,3,2016,0.0,0.0,0,0
616,1,13,3,2016,0.0,0.0,0,0
617,2,14,3,2016,2819500.0,2819500.0,0,0
618,3,15,3,2016,2595500.0,2595500.0,0,0
619,4,16,3,2016,4189500.0,4189500.0,0,0
620,5,17,3,2016,3279600.0,3279600.0,0,0
621,6,18,3,2016,1093100.0,1093100.0,0,0
622,7,19,3,2016,0.0,0.0,0,0
623,1,20,3,2016,0.0,0.0,0,0
624,2,21,3,2016,551100.0,551100.0,0,0
625,3,22,3,2016,7551119.0,7551119.0,0,0
626,4,23,3,2016,7046100.0,7046100.0,0,2
627,5,24,3,2016,0.0,0.0,0,0
628,6,25,3,2016,0.0,0.0,0,0
629,7,26,3,2016,0.0,0.0,0,0
630,1,27,3,2016,0.0,0.0,0,0
631,2,28,3,2016,100.0,100.0,2,0
632,3,29,3,2016,4505200.0,4505200.0,0,0
633,4,30,3,2016,3377200.0,3377200.0,0,0
634,5,31,3,2016,5280200.0,5280200.0,0,0
635,6,1,4,2016,8171200.0,8171200.0,0,0
636,7,2,4,2016,0.0,0.0,0,0
637,1,3,4,2016,0.0,0.0,0,0
638,2,4,4,2016,5273208.0,5273208.0,0,0
639,3,5,4,2016,3212200.0,3212200.0,0,0
640,4,6,4,2016,4308868.0,4308868.0,0,0
641,5,7,4,2016,3469200.0,3469200.0,0,0
642,6,8,4,2016,4748800.0,4748800.0,0,0
643,7,9,4,2016,0.0,0.0,0,0
644,1,10,4,2016,0.0,0.0,0,0
645,2,11,4,2016,4756251.0,4756251.0,0,0
646,3,12,4,2016,7542600.0,7542600.0,0,0
647,4,13,4,2016,3758500.0,3758500.0,0,0
648,5,14,4,2016,2191900.0,2191900.0,0,0
649,6,15,4,2016,3526600.0,3526600.0,0,0
650,7,16,4,2016,0.0,0.0,0,0
651,1,17,4,2016,0.0,0.0,0,0
652,2,18,4,2016,4117100.0,4117100.0,0,0
653,3,19,4,2016,3332607.0,3332607.0,0,0
654,4,20,4,2016,4620931.0,4620931.0,0,0
655,5,21,4,2016,2658500.0,2658500.0,0,0
656,6,22,4,2016,3342500.0,3342500.0,0,0
657,7,23,4,2016,0.0,0.0,0,0
658,1,24,4,2016,0.0,0.0,0,0
659,2,25,4,2016,5938933.0,5938933.0,0,0
660,3,26,4,2016,7148700.0,7148700.0,0,0
661,4,27,4,2016,4334100.0,4334100.0,0,0
662,5,28,4,2016,5823100.0,5823100.0,0,0
663,6,29,4,2016,11919500.0,11919500.0,0,0
664,7,30,4,2016,0.0,0.0,0,0
665,1,1,5,2016,0.0,0.0,0,0
666,2,2,5,2016,5724500.0,5724500.0,0,0
667,3,3,5,2016,4665800.0,4665800.0,0,0
668,4,4,5,2016,5846800.0,5846800.0,0,0
669,5,5,5,2016,5892500.0,5892500.0,0,0
670,6,6,5,2016,7930900.0,7930900.0,0,0
671,7,7,5,2016,0.0,0.0,0,0
672,1,8,5,2016,0.0,0.0,0,0
673,2,9,5,2016,5686980.0,5686980.0,0,0
674,3,10,5,2016,4634500.0,4634500.0,0,0
675,4,11,5,2016,4266800.0,4266800.0,0,0
676,5,12,5,2016,4564000.0,4564000.0,0,0
677,6,13,5,2016,4983606.0,4983606.0,0,0
678,7,14,5,2016,0.0,0.0,0,0
679,1,15,5,2016,0.0,0.0,0,0
680,2,16,5,2016,5554800.0,5554800.0,0,0
681,3,17,5,2016,3227800.0,3227800.0,0,0
682,4,18,5,2016,6471800.0,6471800.0,0,0
683,5,19,5,2016,3833800.0,3833800.0,0,0
684,6,20,5,2016,9035800.0,9035800.0,0,0
685,7,21,5,2016,0.0,0.0,0,0
686,1,22,5,2016,0.0,0.0,0,0
687,2,23,5,2016,3531700.0,3531700.0,0,0
688,3,24,5,2016,7058700.0,7058700.0,0,1
689,4,25,5,2016,0.0,0.0,0,0
690,5,26,5,2016,7976572.0,7976572.0,1,0
691,6,27,5,2016,6122200.0,6122200.0,0,0
692,7,28,5,2016,0.0,0.0,0,0
693,1,29,5,2016,0.0,0.0,0,0
694,2,30,5,2016,4896700.0,4896700.0,0,0
695,3,31,5,2016,3215200.0,3215200.0,0,0
696,4,1,6,2016,5857200.0,5857200.0,0,0
697,5,2,6,2016,5481017.0,5481017.0,0,0
698,6,3,6,2016,9407200.0,9407200.0,0,0
699,7,4,6,2016,0.0,0.0,0,0
700,1,5,6,2016,0.0,0.0,0,0
701,2,6,6,2016,2870100.0,2870100.0,0,1
702,3,7,6,2016,0.0,0.0,0,0
703,4,8,6,2016,112050.0,112050.0,1,0
704,5,9,6,2016,13793395.0,13793395.0,0,0
705,6,10,6,2016,12101400.0,12101400.0,0,0
706,7,11,6,2016,0.0,0.0,0,0
707,1,12,6,2016,0.0,0.0,0,0
708,2,13,6,2016,9161022.0,9161022.0,0,0
709,3,14,6,2016,10324100.0,10324100.0,0,0
710,4,15,6,2016,10624100.0,10624100.0,0,0
711,5,16,6,2016,10606000.0,10606000.0,0,2
712,6,17,6,2016,0.0,0.0,0,0
713,7,18,6,2016,0.0,0.0,0,0
714,1,19,6,2016,0.0,0.0,0,0
715,2,20,6,2016,0.0,0.0,0,0
716,3,21,6,2016,6121600.0,6121600.0,2,0
717,4,22,6,2016,6672638.0,6672638.0,0,0
718,5,23,6,2016,10294600.0,10294600.0,0,0
719,6,24,6,2016,4993700.0,4993700.0,0,0
720,7,25,6,2016,0.0,0.0,0,0
721,1,26,6,2016,0.0,0.0,0,0
722,2,27,6,2016,600000.0,600000.0,0,0
723,3,28,6,2016,9670400.0,9670400.0,0,0
724,4,29,6,2016,5930800.0,5930800.0,0,0
725,5,30,6,2016,8713800.0,8713800.0,0,0
726,6,1,7,2016,6549467.0,6549467.0,0,0
727,7,2,7,2016,0.0,0.0,0,0
728,1,3,7,2016,0.0,0.0,0,0
729,2,4,7,2016,5647500.0,5647500.0,0,0
730,3,5,7,2016,5287700.0,5287700.0,0,0
731,4,6,7,2016,5824400.0,5824400.0,0,0
732,5,7,7,2016,9769417.0,9769417.0,0,1
733,6,8,7,2016,0.0,0.0,0,0
734,7,9,7,2016,0.0,0.0,0,0
735,1,10,7,2016,0.0,0.0,0,0
736,2,11,7,2016,260300.0,260300.0,1,0
737,3,12,7,2016,9526300.0,9526300.0,0,0
738,4,13,7,2016,9796300.0,9796300.0,0,0
739,5,14,7,2016,12836300.0,12836300.0,0,0
740,6,15,7,2016,13267200.0,13267200.0,0,0
741,7,16,7,2016,0.0,0.0,0,0
742,1,17,7,2016,0.0,0.0,0,0
743,2,18,7,2016,10043700.0,10043700.0,0,0
744,3,19,7,2016,3149800.0,3149800.0,0,0
745,4,20,7,2016,4727800.0,4727800.0,0,0
746,5,21,7,2016,7168100.0,7168100.0,0,0
747,6,22,7,2016,6821900.0,6821900.0,0,0
748,7,23,7,2016,0.0,0.0,0,0
749,1,24,7,2016,0.0,0.0,0,0
750,2,25,7,2016,4572014.0,4572014.0,0,0
751,3,26,7,2016,9247700.0,9247700.0,0,0
752,4,27,7,2016,6135900.0,6135900.0,0,0
753,5,28,7,2016,15215900.0,15215900.0,0,0
754,6,29,7,2016,11008900.0,11008900.0,0,0
755,7,30,7,2016,0.0,0.0,0,0
756,1,31,7,2016,0.0,0.0,0,0
757,2,1,8,2016,8745000.0,8745000.0,0,0
758,3,2,8,2016,13434700.0,13434700.0,0,0
759,4,3,8,2016,7196800.0,7196800.0,0,0
760,5,4,8,2016,10281800.0,10281800.0,0,0
761,6,5,8,2016,9215162.0,9215162.0,0,0
762,7,6,8,2016,0.0,0.0,0,0
763,1,7,8,2016,0.0,0.0,0,0
764,2,8,8,2016,4680600.0,4680600.0,0,0
765,3,9,8,2016,8496100.0,8496100.0,0,0
766,4,10,8,2016,9530900.0,9530900.0,0,0
767,5,11,8,2016,7275200.0,7275200.0,0,0
768,6,12,8,2016,8647200.0,8647200.0,0,1
769,7,13,8,2016,0.0,0.0,0,0
770,1,14,8,2016,0.0,0.0,0,0
771,2,15,8,2016,0.0,0.0,0,0
772,3,16,8,2016,8254455.0,8254455.0,1,0
773,4,17,8,2016,11341800.0,11341800.0,0,0
774,5,18,8,2016,7840100.0,7840100.0,0,0
775,6,19,8,2016,8533597.0,8533597.0,0,0
776,7,20,8,2016,0.0,0.0,0,0
777,1,21,8,2016,0.0,0.0,0,0
778,2,22,8,2016,6624366.0,6624366.0,0,0
779,3,23,8,2016,7913500.0,7913500.0,0,0
780,4,24,8,2016,6240500.0,6240500.0,0,0
781,5,25,8,2016,4015820.0,4015820.0,0,0
782,6,26,8,2016,8471500.0,8471500.0,0,0
783,7,27,8,2016,0.0,0.0,0,0
784,1,28,8,2016,0.0,0.0,0,0
785,2,29,8,2016,4888800.0,4888800.0,0,0
786,3,30,8,2016,7576800.0,7576800.0,0,0
787,4,31,8,2016,9836100.0,9836100.0,0,0
788,5,1,9,2016,5845100.0,5845100.0,0,0
789,6,2,9,2016,200000.0,200000.0,0,1
790,7,3,9,2016,0.0,0.0,0,0
791,1,4,9,2016,0.0,0.0,0,0
792,2,5,9,2016,0.0,0.0,0,0
793,3,6,9,2016,16101100.0,16101100.0,1,0
794,4,7,9,2016,11973572.0,11973572.0,0,0
795,5,8,9,2016,8517100.0,8517100.0,0,0
796,6,9,9,2016,5542600.0,5542600.0,0,0
797,7,10,9,2016,0.0,0.0,0,0
798,1,11,9,2016,0.0,0.0,0,0
799,2,12,9,2016,5102600.0,5102600.0,0,0
800,3,13,9,2016,3954800.0,3954800.0,0,0
801,4,14,9,2016,7574800.0,7574800.0,0,1
802,5,15,9,2016,0.0,0.0,0,0
803,6,16,9,2016,7843800.0,7843800.0,1,0
804,7,17,9,2016,0.0,0.0,0,0
805,1,18,9,2016,0.0,0.0,0,0
806,2,19,9,2016,5536744.0,5536744.0,0,0
807,3,20,9,2016,3235331.0,3235331.0,0,0
808,4,21,9,2016,6003800.0,6003800.0,0,0
809,5,22,9,2016,5303800.0,5303800.0,0,0
810,6,23,9,2016,5208954.0,5208954.0,0,0
811,7,24,9,2016,0.0,0.0,0,0
812,1,25,9,2016,0.0,0.0,0,0
813,2,26,9,2016,3342800.0,3342800.0,0,0
814,3,27,9,2016,6701675.0,6701675.0,0,0
815,4,28,9,2016,5170800.0,5170800.0,0,0
816,5,29,9,2016,4422800.0,4422800.0,0,0
817,6,30,9,2016,3192000.0,3192000.0,0,0
818,7,1,10,2016,0.0,0.0,0,0
819,1,2,10,2016,0.0,0.0,0,0
820,2,3,10,2016,9681000.0,9681000.0,0,0
821,3,4,10,2016,8796000.0,8796000.0,0,0
822,4,5,10,2016,4454500.0,4454500.0,0,0
823,5,6,10,2016,4344500.0,4344500.0,0,0
824,6,7,10,2016,6959500.0,6959500.0,0,1
825,7,8,10,2016,0.0,0.0,0,0
826,1,9,10,2016,0.0,0.0,0,0
827,2,10,10,2016,0.0,0.0,0,0
828,3,11,10,2016,4108900.0,4108900.0,1,0
829,4,12,10,2016,7173900.0,7173900.0,0,0
830,5,13,10,2016,5766900.0,5766900.0,0,0
831,6,14,10,2016,5793000.0,5793000.0,0,0
832,7,15,10,2016,0.0,0.0,0,0
833,1,16,10,2016,0.0,0.0,0,0
834,2,17,10,2016,2780900.0,2780900.0,0,0
835,3,18,10,2016,5973945.0,5973945.0,0,0
836,4,19,10,2016,35782600.0,35782600.0,0,0
837,5,20,10,2016,6490800.0,6490800.0,0,0
838,6,21,10,2016,6257078.0,6257078.0,0,0
839,7,22,10,2016,0.0,0.0,0,0
840,1,23,10,2016,0.0,0.0,0,0
841,2,24,10,2016,5501000.0,5501000.0,0,0
842,3,25,10,2016,4741000.0,4741000.0,0,0
843,4,26,10,2016,5121500.0,5121500.0,0,0
844,5,27,10,2016,4721500.0,4721500.0,0,1
845,6,28,10,2016,0.0,0.0,0,0
846,7,29,10,2016,0.0,0.0,0,0
847,1,30,10,2016,0.0,0.0,0,0
848,2,31,10,2016,10519619.0,10519619.0,1,0
849,3,1,11,2016,5605300.0,5605300.0,0,0
850,4,2,11,2016,4267300.0,4267300.0,0,0
851,5,3,11,2016,6567300.0,6567300.0,0,0
852,6,4,11,2016,6318121.0,6318121.0,0,0
853,7,5,11,2016,0.0,0.0,0,0
854,1,6,11,2016,0.0,0.0,0,0
855,2,7,11,2016,3862000.0,3862000.0,0,0
856,3,8,11,2016,5832947.0,5832947.0,0,0
857,4,9,11,2016,7622273.0,7622273.0,0,0
858,5,10,11,2016,6591100.0,6591100.0,0,0
859,6,11,11,2016,6810100.0,6810100.0,0,0
860,7,12,11,2016,0.0,0.0,0,0
861,1,13,11,2016,0.0,0.0,0,0
862,2,14,11,2016,2730100.0,2730100.0,0,0
863,3,15,11,2016,4105742.0,4105742.0,0,0
864,4,16,11,2016,4188115.0,4188115.0,0,0
865,5,17,11,2016,2178400.0,2178400.0,0,0
866,6,18,11,2016,6845900.0,6845900.0,0,0
867,7,19,11,2016,0.0,0.0,0,0
868,1,20,11,2016,0.0,0.0,0,0
869,2,21,11,2016,36585900.0,36585900.0,0,0
870,3,22,11,2016,8112494.0,8112494.0,0,0
871,4,23,11,2016,5373900.0,5373900.0,0,0
872,5,24,11,2016,5369900.0,5369900.0,0,0
873,6,25,11,2016,6911900.0,6911900.0,0,1
874,7,26,11,2016,0.0,0.0,0,0
875,1,27,11,2016,0.0,0.0,0,0
876,2,28,11,2016,0.0,0.0,0,0
877,3,29,11,2016,5167058.0,5167058.0,1,0
878,4,30,11,2016,8098900.0,8098900.0,0,0
879,5,1,12,2016,5108900.0,5108900.0,0,0
880,6,2,12,2016,6850900.0,6850900.0,0,0
881,7,3,12,2016,0.0,0.0,0,0
882,1,4,12,2016,0.0,0.0,0,0
883,2,5,12,2016,5760900.0,5760900.0,0,0
884,3,6,12,2016,7015900.0,7015900.0,0,0
885,4,7,12,2016,4825918.0,4825918.0,0,2
886,5,8,12,2016,0.0,0.0,0,0
887,6,9,12,2016,0.0,0.0,0,0
888,7,10,12,2016,0.0,0.0,0,0
889,1,11,12,2016,0.0,0.0,0,0
890,2,12,12,2016,4653400.0,4653400.0,2,0
891,3,13,12,2016,5853400.0,5853400.0,0,0
892,4,14,12,2016,6572400.0,6572400.0,0,0
893,5,15,12,2016,9062400.0,9062400.0,0,0
894,6,16,12,2016,9112056.0,9112056.0,0,0
895,7,17,12,2016,0.0,0.0,0,0
896,1,18,12,2016,0.0,0.0,0,0
897,2,19,12,2016,6200400.0,6200400.0,0,0
898,3,20,12,2016,9696513.0,9696513.0,0,0
899,4,21,12,2016,7711000.0,7711000.0,0,0
900,5,22,12,2016,14124400.0,14124400.0,0,0
901,6,23,12,2016,8071400.0,8071400.0,0,0
902,7,24,12,2016,0.0,0.0,0,0
903,1,25,12,2016,0.0,0.0,0,0
904,2,26,12,2016,6402869.0,6402869.0,0,0
905,3,27,12,2016,14422400.0,14422400.0,0,0
906,4,28,12,2016,10802400.0,10802400.0,0,0
907,5,29,12,2016,13937400.0,13937400.0,0,0
908,6,30,12,2016,11598000.0,11598000.0,0,1
909,7,31,12,2016,0.0,0.0,0,0
910,1,1,1,2017,0.0,0.0,0,0
911,2,2,1,2017,0.0,0.0,0,0
912,3,3,1,2017,7698400.0,7698400.0,1,0
913,4,4,1,2017,8598400.0,8598400.0,0,0
914,5,5,1,2017,1432372.0,1432372.0,0,0
915,6,6,1,2017,12979900.0,12979900.0,0,0
916,7,7,1,2017,0.0,0.0,0,0
917,1,8,1,2017,0.0,0.0,0,0
918,2,9,1,2017,6016900.0,6016900.0,0,0
919,3,10,1,2017,8783400.0,8783400.0,0,0
920,4,11,1,2017,6745400.0,6745400.0,0,0
921,5,12,1,2017,9004900.0,9004900.0,0,0
922,6,13,1,2017,11080400.0,11080400.0,0,0
923,7,14,1,2017,0.0,0.0,0,0
924,1,15,1,2017,0.0,0.0,0,0
925,2,16,1,2017,6755900.0,6755900.0,0,0
926,3,17,1,2017,8229958.0,8229958.0,0,0
927,4,18,1,2017,8324500.0,8324500.0,0,0
928,5,19,1,2017,2616500.0,2616500.0,0,0
929,6,20,1,2017,9128500.0,9128500.0,0,0
930,7,21,1,2017,0.0,0.0,0,0
931,1,22,1,2017,0.0,0.0,0,0
932,2,23,1,2017,6453500.0,6453500.0,0,0
933,3,24,1,2017,3683500.0,3683500.0,0,0
934,4,25,1,2017,5731000.0,5731000.0,0,0
935,5,26,1,2017,4507500.0,4507500.0,0,0
936,6,27,1,2017,4551500.0,4551500.0,0,0
937,7,28,1,2017,0.0,0.0,0,0
938,1,29,1,2017,0.0,0.0,0,0
939,2,30,1,2017,9715500.0,9715500.0,0,0
940,3,31,1,2017,10199000.0,10199000.0,0,0
941,4,1,2,2017,8694400.0,8694400.0,0,0
942,5,2,2,2017,14110508.0,14110508.0,0,0
943,6,3,2,2017,12007800.0,12007800.0,0,0
944,7,4,2,2017,0.0,0.0,0,0
945,1,5,2,2017,0.0,0.0,0,0
946,2,6,2,2017,9600000.0,9600000.0,0,0
947,3,7,2,2017,5964800.0,5964800.0,0,0
948,4,8,2,2017,6518800.0,6518800.0,0,0
949,5,9,2,2017,7868872.0,7868872.0,0,0
950,6,10,2,2017,4837400.0,4837400.0,0,0
951,7,11,2,2017,0.0,0.0,0,0
952,1,12,2,2017,0.0,0.0,0,0
953,2,13,2,2017,7321400.0,7321400.0,0,0
954,3,14,2,2017,15502400.0,15502400.0,0,0
955,4,15,2,2017,10675400.0,10675400.0,0,0
956,5,16,2,2017,9183105.0,9183105.0,0,0
957,6,17,2,2017,9246900.0,9246900.0,0,1
958,7,18,2,2017,0.0,0.0,0,0
959,1,19,2,2017,0.0,0.0,0,0
960,2,20,2,2017,0.0,0.0,0,0
961,3,21,2,2017,3768900.0,3768900.0,1,0
962,4,22,2,2017,11454423.0,11454423.0,0,0
963,5,23,2,2017,11465837.0,11465837.0,0,0
964,6,24,2,2017,7718300.0,7718300.0,0,2
965,7,25,2,2017,0.0,0.0,0,0
966,1,26,2,2017,0.0,0.0,0,0
967,2,27,2,2017,0.0,0.0,0,0
968,3,28,2,2017,0.0,0.0,0,0
969,4,1,3,2017,4498000.0,4498000.0,2,0
970,5,2,3,2017,11057700.0,11057700.0,0,0
971,6,3,3,2017,7747600.0,7747600.0,0,0
972,7,4,3,2017,0.0,0.0,0,0
973,1,5,3,2017,0.0,0.0,0,0
974,2,6,3,2017,9534600.0,9534600.0,0,0
975,3,7,3,2017,7237000.0,7237000.0,0,0
976,4,8,3,2017,6979900.0,6979900.0,0,0
977,5,9,3,2017,4808700.0,4808700.0,0,0
978,6,10,3,2017,6449600.0,6449600.0,0,0
979,7,11,3,2017,0.0,0.0,0,0
980,1,12,3,2017,0.0,0.0,0,0
981,2,13,3,2017,717400.0,717400.0,0,0
982,3,14,3,2017,12383900.0,12383900.0,0,0
983,4,15,3,2017,4723100.0,4723100.0,0,0
984,5,16,3,2017,6775800.0,6775800.0,0,0
985,6,17,3,2017,8212800.0,8212800.0,0,0
986,7,18,3,2017,0.0,0.0,0,0
987,1,19,3,2017,0.0,0.0,0,0
988,2,20,3,2017,10000.0,10000.0,0,0
989,3,21,3,2017,8122500.0,8122500.0,0,0
990,4,22,3,2017,7312500.0,7312500.0,0,0
991,5,23,3,2017,6915764.0,6915764.0,0,1
992,6,24,3,2017,0.0,0.0,0,0
993,7,25,3,2017,0.0,0.0,0,0
994,1,26,3,2017,0.0,0.0,0,0
995,2,27,3,2017,8755000.0,8755000.0,1,0
996,3,28,3,2017,15102736.0,15102736.0,0,0
997,4,29,3,2017,6775000.0,6775000.0,0,0
998,5,30,3,2017,5966000.0,5966000.0,0,0
999,6,31,3,2017,4600000.0,4600000.0,0,0
1000,7,1,4,2017,0.0,0.0,0,0
1001,1,2,4,2017,0.0,0.0,0,0
1002,2,3,4,2017,3454000.0,3454000.0,0,0
1003,3,4,4,2017,11798000.0,11798000.0,0,0
1004,4,5,4,2017,4127300.0,4127300.0,0,1
1005,5,6,4,2017,0.0,0.0,0,0
1006,6,7,4,2017,12065300.0,12065300.0,1,1
1007,7,8,4,2017,0.0,0.0,0,0
1008,1,9,4,2017,0.0,0.0,0,0
1009,2,10,4,2017,0.0,0.0,0,0
1010,3,11,4,2017,10797000.0,10797000.0,1,0
1011,4,12,4,2017,12219800.0,12219800.0,0,2
1012,5,13,4,2017,0.0,0.0,0,0
1013,6,14,4,2017,0.0,0.0,0,0
1014,7,15,4,2017,0.0,0.0,0,0
1015,1,16,4,2017,0.0,0.0,0,0
1016,2,17,4,2017,5836300.0,5836300.0,2,0
1017,3,18,4,2017,9534300.0,9534300.0,0,0
1018,4,19,4,2017,7746400.0,7746400.0,0,0
1019,5,20,4,2017,6021700.0,6021700.0,0,0
1020,6,21,4,2017,8381200.0,8381200.0,0,0
1021,7,22,4,2017,0.0,0.0,0,0
1022,1,23,4,2017,0.0,0.0,0,0
1023,2,24,4,2017,5324500.0,5324500.0,0,0
1024,3,25,4,2017,13428800.0,13428800.0,0,0
1025,4,26,4,2017,9460686.0,9460686.0,0,0
1026,5,27,4,2017,6709100.0,6709100.0,0,0
1027,6,28,4,2017,9309400.0,9309400.0,0,1
1028,7,29,4,2017,0.0,0.0,0,0
1029,1,30,4,2017,0.0,0.0,0,0
1030,2,1,5,2017,0.0,0.0,0,0
1031,3,2,5,2017,7296817.0,7296817.0,1,0
1032,4,3,5,2017,4487700.0,4487700.0,0,0
1033,5,4,5,2017,14091700.0,14091700.0,0,0
1034,6,5,5,2017,12154500.0,12154500.0,0,0
1035,7,6,5,2017,0.0,0.0,0,0
1036,1,7,5,2017,0.0,0.0,0,0
1037,2,8,5,2017,6967501.0,6967501.0,0,0
1038,3,9,5,2017,9282300.0,9282300.0,0,0
1039,4,10,5,2017,5871000.0,5871000.0,0,0
1040,5,11,5,2017,5565400.0,5565400.0,0,0
