,dow,dom,month,year,din,dout,prev_holy,pos_holy,minfl
0,3,1,7,2014,665243739.0,666752349.0,0,0,2.115
1,4,2,7,2014,690914315.0,691527550.0,0,0,2.115
2,5,3,7,2014,868282996.0,867362881.0,0,0,2.115
3,6,4,7,2014,1199049390.0,1199226850.0,0,0,2.115
4,7,4,7,2014,0.0,0.0,0,0,2.115
5,1,5,7,2014,0.0,0.0,0,0,2.115
6,2,7,7,2014,1262551425.0,1263487345.0,0,0,2.115
7,3,8,7,2014,400584892.0,401033872.0,0,1,2.115
8,4,8,7,2014,0.0,0.0,0,0,2.115
9,5,10,7,2014,864659886.0,862739141.0,1,0,2.115
10,6,11,7,2014,1077247964.0,1077082564.0,0,0,2.115
11,7,11,7,2014,0.0,0.0,0,0,2.115
12,1,12,7,2014,0.0,0.0,0,0,2.115
13,2,14,7,2014,949588181.0,949955481.0,0,0,2.115
14,3,15,7,2014,915550781.0,915747131.0,0,0,2.115
15,4,16,7,2014,1019012504.0,1019793314.0,0,0,2.115
16,5,17,7,2014,888110034.0,892127142.0,0,0,2.115
17,6,18,7,2014,952974337.0,955361029.0,0,0,2.115
18,7,18,7,2014,0.0,0.0,0,0,2.115
19,1,19,7,2014,0.0,0.0,0,0,2.115
20,2,21,7,2014,1378430253.0,1379016348.0,0,0,2.115
21,3,22,7,2014,765710531.0,767108059.0,0,0,2.115
22,4,23,7,2014,599633948.0,600141473.0,0,0,2.115
23,5,24,7,2014,677085641.0,676558921.0,0,0,2.115
24,6,25,7,2014,647719013.0,647468453.0,0,0,2.115
25,7,25,7,2014,0.0,0.0,0,0,2.115
26,1,26,7,2014,0.0,0.0,0,0,2.115
27,2,28,7,2014,1007736461.0,1007642946.0,0,0,2.115
28,3,29,7,2014,770629700.0,771440295.0,0,0,2.115
29,4,30,7,2014,739595960.0,738117436.0,0,0,2.115
30,5,31,7,2014,689210028.0,690058942.0,0,0,2.115
31,6,1,8,2014,891874413.0,891771903.0,0,0,2.483
32,7,1,8,2014,0.0,0.0,0,0,2.483
33,1,2,8,2014,0.0,0.0,0,0,2.483
34,2,4,8,2014,1057350521.0,1057308021.0,0,0,2.483
35,3,5,8,2014,900550967.0,900855712.0,0,0,2.483
36,4,6,8,2014,1236668221.0,1237104601.0,0,0,2.483
37,5,7,8,2014,418256914.0,417886416.0,0,0,2.483
38,6,8,8,2014,1224328477.0,1223133806.0,0,0,2.483
39,7,8,8,2014,0.0,0.0,0,0,2.483
40,1,9,8,2014,0.0,0.0,0,0,2.483
41,2,11,8,2014,1356134593.0,1355799863.0,0,0,2.483
42,3,12,8,2014,1240414150.0,1238933615.0,0,0,2.483
43,4,13,8,2014,1003093954.0,1004035934.0,0,0,2.483
44,5,14,8,2014,780119841.0,780566061.0,0,0,2.483
45,6,15,8,2014,1575331723.0,1576873408.0,0,1,2.483
46,7,15,8,2014,0.0,0.0,0,0,2.483
47,1,16,8,2014,0.0,0.0,0,0,2.483
48,2,17,8,2014,0.0,0.0,0,0,2.483
49,3,19,8,2014,1556592840.0,1559982692.0,1,0,2.483
50,4,20,8,2014,2630462353.0,2633120849.0,0,0,2.483
51,5,21,8,2014,824711806.0,826795976.0,0,0,2.483
52,6,22,8,2014,1148404330.0,1150085035.0,0,0,2.483
53,7,22,8,2014,0.0,0.0,0,0,2.483
54,1,23,8,2014,0.0,0.0,0,0,2.483
55,2,25,8,2014,1332195543.0,1330617873.0,0,0,2.483
56,3,26,8,2014,1864851481.0,1864226726.0,0,0,2.483
57,4,27,8,2014,766414876.0,769307111.0,0,1,2.483
58,5,27,8,2014,0.0,0.0,0,0,2.483
59,6,29,8,2014,1037087135.0,1035863120.0,1,0,2.483
60,7,29,8,2014,0.0,0.0,0,0,2.483
61,1,30,8,2014,0.0,0.0,0,0,2.483
62,2,1,9,2014,1257510090.0,1258332235.0,0,0,2.335
63,3,2,9,2014,967248726.0,966816161.0,0,0,2.335
64,4,3,9,2014,994587074.0,993976224.0,0,0,2.335
65,5,4,9,2014,923037034.0,923479419.0,0,0,2.335
66,6,5,9,2014,1560322291.0,1562364026.0,0,0,2.335
67,7,5,9,2014,0.0,0.0,0,0,2.335
68,1,6,9,2014,0.0,0.0,0,0,2.335
69,2,8,9,2014,1191161484.0,1189748644.0,0,0,2.335
70,3,9,9,2014,806177769.0,806004484.0,0,0,2.335
71,4,10,9,2014,820581008.0,821367088.0,0,0,2.335
72,5,11,9,2014,1110975205.0,1111289315.0,0,0,2.335
73,6,12,9,2014,992561326.0,995255636.0,0,0,2.335
74,7,12,9,2014,0.0,0.0,0,0,2.335
75,1,13,9,2014,0.0,0.0,0,0,2.335
76,2,15,9,2014,1277150282.0,1276782445.0,0,0,2.335
77,3,16,9,2014,1490680490.0,1490519345.0,0,0,2.335
78,4,17,9,2014,1102866202.0,1110758514.0,0,0,2.335
79,5,18,9,2014,1384783226.0,1384270536.0,0,0,2.335
80,6,19,9,2014,963048392.0,963430287.0,0,0,2.335
81,7,19,9,2014,0.0,0.0,0,0,2.335
82,1,20,9,2014,0.0,0.0,0,0,2.335
83,2,22,9,2014,1055189625.0,1054949325.0,0,0,2.335
84,3,23,9,2014,912532165.0,911987830.0,0,0,2.335
85,4,24,9,2014,991801079.0,992006289.0,0,0,2.335
86,5,25,9,2014,1042185347.0,1041331797.0,0,0,2.335
87,6,26,9,2014,1353601055.0,1354012495.0,0,0,2.335
88,7,26,9,2014,0.0,0.0,0,0,2.335
89,1,27,9,2014,0.0,0.0,0,0,2.335
90,2,29,9,2014,1513147671.0,1512463201.0,0,0,2.335
91,3,30,9,2014,1116752092.0,1120055154.0,0,0,2.335
92,4,1,10,2014,1075312849.0,1075963258.0,0,0,2.461
93,5,2,10,2014,909554238.0,908733833.0,0,0,2.461
94,6,3,10,2014,689014955.0,688729755.0,0,0,2.461
95,7,3,10,2014,0.0,0.0,0,0,2.461
96,1,4,10,2014,0.0,0.0,0,0,2.461
97,2,6,10,2014,1234319707.0,1233684877.0,0,0,2.461
98,3,7,10,2014,975281605.0,975123545.0,0,0,2.461
99,4,8,10,2014,990611090.0,990437925.0,0,0,2.461
100,5,9,10,2014,1041380877.0,1041858585.0,0,0,2.461
101,6,10,10,2014,1135133565.0,1143272707.0,0,1,2.461
102,7,10,10,2014,0.0,0.0,0,0,2.461
103,1,11,10,2014,0.0,0.0,0,0,2.461
104,2,12,10,2014,0.0,0.0,0,0,2.461
105,3,14,10,2014,1744014509.0,1742093599.0,1,0,2.461
106,4,15,10,2014,1191058063.0,1192015438.0,0,0,2.461
107,5,16,10,2014,1020350332.0,1019470537.0,0,0,2.461
108,6,17,10,2014,1192202941.0,1199212958.0,0,0,2.461
109,7,17,10,2014,0.0,0.0,0,0,2.461
110,1,18,10,2014,0.0,0.0,0,0,2.461
111,2,20,10,2014,1471106376.0,1475960798.0,0,0,2.461
112,3,21,10,2014,1029534467.0,1029356802.0,0,0,2.461
113,4,22,10,2014,383332875.0,383451475.0,0,0,2.461
114,5,23,10,2014,1187157183.0,1195994544.0,0,0,2.461
115,6,24,10,2014,1075312707.0,1074570542.0,0,0,2.461
116,7,24,10,2014,0.0,0.0,0,0,2.461
117,1,25,10,2014,0.0,0.0,0,0,2.461
118,2,27,10,2014,1497809625.0,1497633335.0,0,0,2.461
119,3,28,10,2014,1171753534.0,1170601209.0,0,0,2.461
120,4,29,10,2014,886755679.0,888060949.0,0,0,2.461
121,5,30,10,2014,1224663521.0,1224473521.0,0,0,2.461
122,6,31,10,2014,779700660.0,780227895.0,0,0,2.461
123,7,31,10,2014,0.0,0.0,0,0,2.461
124,1,1,11,2014,0.0,0.0,0,0,1.7109999999999999
125,2,3,11,2014,1341751855.0,1340014405.0,0,0,1.7109999999999999
126,3,4,11,2014,1111905043.0,1112642958.0,0,0,1.7109999999999999
127,4,5,11,2014,1018097697.0,1018287247.0,0,1,1.7109999999999999
128,5,5,11,2014,0.0,0.0,0,0,1.7109999999999999
129,6,7,11,2014,1504926866.0,1504957236.0,1,0,1.7109999999999999
130,7,7,11,2014,0.0,0.0,0,0,1.7109999999999999
131,1,8,11,2014,0.0,0.0,0,0,1.7109999999999999
132,2,10,11,2014,1549639771.0,1557045387.0,0,0,1.7109999999999999
133,3,11,11,2014,1481246349.0,1481810089.0,0,0,1.7109999999999999
134,4,12,11,2014,402433250.0,402244425.0,0,0,1.7109999999999999
135,5,13,11,2014,466007680.0,465710880.0,0,0,1.7109999999999999
136,6,14,11,2014,1936735446.0,1940009434.0,0,0,1.7109999999999999
137,7,14,11,2014,0.0,0.0,0,0,1.7109999999999999
138,1,15,11,2014,0.0,0.0,0,0,1.7109999999999999
139,2,17,11,2014,1412704507.0,1411332382.0,0,0,1.7109999999999999
140,3,18,11,2014,1145395224.0,1147841580.0,0,0,1.7109999999999999
141,4,19,11,2014,1071078453.0,1070609963.0,0,0,1.7109999999999999
142,5,20,11,2014,1109699977.0,1108815632.0,0,0,1.7109999999999999
143,6,21,11,2014,1015976600.0,1018532470.0,0,1,1.7109999999999999
144,7,21,11,2014,0.0,0.0,0,0,1.7109999999999999
145,1,22,11,2014,0.0,0.0,0,0,1.7109999999999999
146,2,23,11,2014,0.0,0.0,0,0,1.7109999999999999
147,3,25,11,2014,1202036088.0,1202010828.0,1,0,1.7109999999999999
148,4,26,11,2014,1545786003.0,1745841703.0,0,0,1.7109999999999999
149,5,27,11,2014,689956509.0,688962519.0,0,0,1.7109999999999999
150,6,28,11,2014,917758620.0,920289644.0,0,0,1.7109999999999999
151,7,28,11,2014,0.0,0.0,0,0,1.7109999999999999
152,1,29,11,2014,0.0,0.0,0,0,1.7109999999999999
153,2,1,12,2014,1399724068.0,1399234879.0,0,0,1.594
154,3,2,12,2014,1437119717.0,1437113447.0,0,0,1.594
155,4,3,12,2014,1482490755.0,1482736040.0,0,0,1.594
156,5,4,12,2014,1266862002.0,1266629557.0,0,0,1.594
157,6,5,12,2014,1065717879.0,1067535144.0,0,1,1.594
158,7,5,12,2014,0.0,0.0,0,0,1.594
159,1,6,12,2014,0.0,0.0,0,0,1.594
160,2,7,12,2014,0.0,0.0,0,0,1.594
161,3,9,12,2014,1523779504.0,1523384354.0,1,0,1.594
162,4,10,12,2014,1315488515.0,1315556775.0,0,0,1.594
163,5,11,12,2014,1018790221.0,1019182201.0,0,0,1.594
164,6,12,12,2014,1351492608.0,1350756972.0,0,0,1.594
165,7,12,12,2014,0.0,0.0,0,0,1.594
166,1,13,12,2014,0.0,0.0,0,0,1.594
167,2,15,12,2014,952430187.0,951404628.0,0,0,1.594
168,3,16,12,2014,1020541116.0,1021156406.0,0,0,1.594
169,4,17,12,2014,1024528230.0,1028936225.0,0,0,1.594
170,5,18,12,2014,986454047.0,992105055.0,0,0,1.594
171,6,19,12,2014,1086307601.0,1086437786.0,0,0,1.594
172,7,19,12,2014,0.0,0.0,0,0,1.594
173,1,20,12,2014,0.0,0.0,0,0,1.594
174,2,22,12,2014,1387962105.0,1387111130.0,0,0,1.594
175,3,23,12,2014,1333058200.0,1037300785.0,0,0,1.594
176,4,24,12,2014,573558038.0,867836903.0,0,2,1.594
177,5,24,12,2014,0.0,0.0,0,0,1.594
178,6,25,12,2014,0.0,0.0,0,0,1.594
179,7,26,12,2014,0.0,0.0,0,0,1.594
180,1,27,12,2014,0.0,0.0,0,0,1.594
181,2,29,12,2014,2113492752.0,2116085932.0,2,0,1.594
182,3,30,12,2014,1232191609.0,1230994729.0,0,2,1.594
183,4,30,12,2014,0.0,0.0,0,0,1.594
184,5,31,12,2014,0.0,0.0,0,0,1.594
185,6,2,1,2015,925330597.0,926118462.0,2,0,2.336
186,7,2,1,2015,0.0,0.0,0,0,2.336
187,1,3,1,2015,0.0,0.0,0,0,2.336
188,2,5,1,2015,1244358836.0,1245177716.0,0,0,2.336
189,3,6,1,2015,802285302.0,802172017.0,0,0,2.336
190,4,7,1,2015,751412420.0,752529705.0,0,0,2.336
191,5,8,1,2015,995772899.0,994407699.0,0,0,2.336
192,6,9,1,2015,842424859.0,841643384.0,0,0,2.336
193,7,9,1,2015,0.0,0.0,0,0,2.336
194,1,10,1,2015,0.0,0.0,0,0,2.336
195,2,12,1,2015,1417570159.0,1417104004.0,0,0,2.336
196,3,13,1,2015,1077148558.0,1078355260.0,0,0,2.336
197,4,14,1,2015,836548088.0,834785733.0,0,0,2.336
198,5,15,1,2015,1390011722.0,1095844011.0,0,0,2.336
199,6,16,1,2015,978028094.0,1275122229.0,0,0,2.336
200,7,16,1,2015,0.0,0.0,0,0,2.336
201,1,17,1,2015,0.0,0.0,0,0,2.336
202,2,19,1,2015,1096545821.0,1097951961.0,0,0,2.336
203,3,20,1,2015,982021922.0,982369923.0,0,0,2.336
204,4,21,1,2015,923939725.0,926746238.0,0,0,2.336
205,5,22,1,2015,828978729.0,829735129.0,0,0,2.336
206,6,23,1,2015,560394254.0,560555729.0,0,0,2.336
207,7,23,1,2015,0.0,0.0,0,0,2.336
208,1,24,1,2015,0.0,0.0,0,0,2.336
209,2,26,1,2015,780707183.0,777692083.0,0,0,2.336
210,3,27,1,2015,816021947.0,818037132.0,0,0,2.336
211,4,28,1,2015,619827745.0,619656045.0,0,0,2.336
212,5,29,1,2015,632643603.0,632074601.0,0,0,2.336
213,6,30,1,2015,861114348.0,862860466.0,0,0,2.336
214,7,30,1,2015,0.0,0.0,0,0,2.336
215,1,31,1,2015,0.0,0.0,0,0,2.336
216,2,2,2,2015,990323197.0,989986382.0,0,0,1.041
217,3,3,2,2015,1051028523.0,1051791873.0,0,0,1.041
218,4,4,2,2015,825646498.0,824909153.0,0,0,1.041
219,5,5,2,2015,857084463.0,857549248.0,0,0,1.041
220,6,6,2,2015,823501102.0,824011502.0,0,0,1.041
221,7,6,2,2015,0.0,0.0,0,0,1.041
222,1,7,2,2015,0.0,0.0,0,0,1.041
223,2,9,2,2015,1278496539.0,1278794624.0,0,0,1.041
224,3,10,2,2015,854993986.0,852814206.0,0,0,1.041
225,4,11,2,2015,936543629.0,936813284.0,0,0,1.041
226,5,12,2,2015,687246542.0,688205952.0,0,0,1.041
227,6,13,2,2015,920245686.0,919900796.0,0,2,1.041
228,7,13,2,2015,0.0,0.0,0,0,1.041
229,1,14,2,2015,0.0,0.0,0,0,1.041
230,2,15,2,2015,0.0,0.0,0,0,1.041
231,3,16,2,2015,0.0,0.0,0,0,1.041
232,4,18,2,2015,943026504.0,942816974.0,2,0,1.041
233,5,19,2,2015,1254763809.0,1255264054.0,0,0,1.041
234,6,20,2,2015,1200550085.0,1200097565.0,0,0,1.041
235,7,20,2,2015,0.0,0.0,0,0,1.041
236,1,21,2,2015,0.0,0.0,0,0,1.041
237,2,23,2,2015,758476879.0,758059038.0,0,0,1.041
238,3,24,2,2015,1024065052.0,1027548766.0,0,0,1.041
239,4,25,2,2015,654228552.0,653176378.0,0,0,1.041
240,5,26,2,2015,550392629.0,550018154.0,0,0,1.041
241,6,27,2,2015,668014420.0,671061675.0,0,0,1.041
242,7,27,2,2015,0.0,0.0,0,0,1.041
243,1,28,2,2015,0.0,0.0,0,0,1.041
244,2,2,3,2015,1109391653.0,1108231033.0,0,0,2.23
245,3,3,3,2015,1130022031.0,1130635191.0,0,0,2.23
246,4,4,3,2015,967905895.0,966186150.0,0,0,2.23
247,5,5,3,2015,901888292.0,901600677.0,0,0,2.23
248,6,6,3,2015,965352437.0,965289567.0,0,0,2.23
249,7,6,3,2015,0.0,0.0,0,0,2.23
250,1,7,3,2015,0.0,0.0,0,0,2.23
251,2,9,3,2015,1207020249.0,1207065134.0,0,0,2.23
252,3,10,3,2015,1467926325.0,1468359825.0,0,0,2.23
253,4,11,3,2015,761902408.0,762074960.0,0,0,2.23
254,5,12,3,2015,793920604.0,796161369.0,0,0,2.23
255,6,13,3,2015,888355725.0,889938175.0,0,0,2.23
256,7,13,3,2015,0.0,0.0,0,0,2.23
257,1,14,3,2015,0.0,0.0,0,0,2.23
258,2,16,3,2015,1179274950.0,1178310600.0,0,0,2.23
259,3,17,3,2015,979433801.0,979054061.0,0,0,2.23
260,4,18,3,2015,978327406.0,979311806.0,0,0,2.23
261,5,19,3,2015,1025443008.0,1025817023.0,0,0,2.23
262,6,20,3,2015,716628360.0,716183790.0,0,2,2.23
263,7,20,3,2015,0.0,0.0,0,0,2.23
264,1,21,3,2015,0.0,0.0,0,0,2.23
265,2,22,3,2015,0.0,0.0,0,0,2.23
266,3,23,3,2015,0.0,0.0,0,0,2.23
267,4,25,3,2015,1000536223.0,1000907933.0,2,0,2.23
268,5,26,3,2015,1041360401.0,1040085401.0,0,0,2.23
269,6,27,3,2015,661756886.0,662709896.0,0,0,2.23
270,7,27,3,2015,0.0,0.0,0,0,2.23
271,1,28,3,2015,0.0,0.0,0,0,2.23
272,2,30,3,2015,1377710590.0,1376371295.0,0,1,2.23
273,3,30,3,2015,0.0,0.0,0,0,2.23
274,4,1,4,2015,1462914675.0,1464006710.0,1,2,1.99
275,5,1,4,2015,0.0,0.0,0,0,1.99
276,6,2,4,2015,0.0,0.0,0,0,1.99
277,7,3,4,2015,0.0,0.0,0,0,1.99
278,1,4,4,2015,0.0,0.0,0,0,1.99
279,2,6,4,2015,1598977399.0,1598651669.0,2,0,1.99
280,3,7,4,2015,1181757288.0,1180935868.0,0,0,1.99
281,4,8,4,2015,907313880.0,908700779.0,0,0,1.99
282,5,9,4,2015,987414606.0,988109622.0,0,0,1.99
283,6,10,4,2015,1083852194.0,1082236354.0,0,0,1.99
284,7,10,4,2015,0.0,0.0,0,0,1.99
285,1,11,4,2015,0.0,0.0,0,0,1.99
286,2,13,4,2015,1260291970.0,1262835397.0,0,0,1.99
287,3,14,4,2015,887893704.0,889835976.0,0,0,1.99
288,4,15,4,2015,806374194.0,805811514.0,0,0,1.99
289,5,16,4,2015,952990385.0,951631205.0,0,0,1.99
290,6,17,4,2015,797267625.0,798576565.0,0,0,1.99
291,7,17,4,2015,0.0,0.0,0,0,1.99
292,1,18,4,2015,0.0,0.0,0,0,1.99
293,2,20,4,2015,1173687211.0,1173208821.0,0,0,1.99
294,3,21,4,2015,858449381.0,858362476.0,0,0,1.99
295,4,22,4,2015,758511600.0,758712145.0,0,0,1.99
296,5,23,4,2015,803542997.0,804681017.0,0,0,1.99
297,6,24,4,2015,662088181.0,662679816.0,0,0,1.99
298,7,24,4,2015,0.0,0.0,0,0,1.99
299,1,25,4,2015,0.0,0.0,0,0,1.99
300,2,27,4,2015,1409307484.0,1409303769.0,0,0,1.99
301,3,28,4,2015,802172642.0,801697492.0,0,0,1.99
302,4,29,4,2015,826052737.0,825156562.0,0,0,1.99
303,5,30,4,2015,1035636978.0,1035391443.0,0,1,1.99
304,6,30,4,2015,0.0,0.0,0,0,1.99
305,7,1,5,2015,0.0,0.0,0,0,1.714
306,1,2,5,2015,0.0,0.0,0,0,1.714
307,2,4,5,2015,1365772459.0,1366458362.0,1,0,1.714
308,3,5,5,2015,1075685732.0,1073842219.0,0,0,1.714
309,4,6,5,2015,1072547514.0,1074730204.0,0,0,1.714
310,5,7,5,2015,964621821.0,963764446.0,0,0,1.714
311,6,8,5,2015,874903254.0,875343949.0,0,0,1.714
312,7,8,5,2015,0.0,0.0,0,0,1.714
313,1,9,5,2015,0.0,0.0,0,0,1.714
314,2,11,5,2015,1202697226.0,1202782844.0,0,0,1.714
315,3,12,5,2015,491758876.0,492712352.0,0,0,1.714
316,4,13,5,2015,983170440.0,982815982.0,0,0,1.714
317,5,14,5,2015,897925731.0,896645304.0,0,0,1.714
318,6,15,5,2015,833611483.0,835077148.0,0,0,1.714
319,7,15,5,2015,0.0,0.0,0,0,1.714
320,1,16,5,2015,0.0,0.0,0,0,1.714
321,2,18,5,2015,1159217855.0,1160878687.0,0,0,1.714
322,3,19,5,2015,777588191.0,779423065.0,0,0,1.714
323,4,20,5,2015,760769135.0,759951735.0,0,0,1.714
324,5,21,5,2015,688627570.0,687856880.0,0,0,1.714
325,6,22,5,2015,763282090.0,764931213.0,0,1,1.714
326,7,22,5,2015,0.0,0.0,0,0,1.714
327,1,23,5,2015,0.0,0.0,0,0,1.714
328,2,24,5,2015,0.0,0.0,0,0,1.714
329,3,26,5,2015,1201524597.0,1202181047.0,1,0,1.714
330,4,27,5,2015,514417176.0,512983276.0,0,0,1.714
331,5,28,5,2015,989106426.0,990378216.0,0,0,1.714
332,6,29,5,2015,1153505283.0,1155059420.0,0,0,1.714
333,7,29,5,2015,0.0,0.0,0,0,1.714
334,1,30,5,2015,0.0,0.0,0,0,1.714
335,2,1,6,2015,1112605946.0,1113829286.0,0,0,2.248
336,3,2,6,2015,1251623745.0,1250975284.0,0,0,2.248
337,4,3,6,2015,839627586.0,839434332.0,0,0,2.248
338,5,4,6,2015,872578394.0,871380799.0,0,0,2.248
339,6,5,6,2015,1051152840.0,1050809495.0,0,0,2.248
340,7,5,6,2015,0.0,0.0,0,0,2.248
341,1,6,6,2015,0.0,0.0,0,0,2.248
342,2,8,6,2015,1207620067.0,1208016967.0,0,0,2.248
343,3,9,6,2015,210801643.0,210847993.0,0,0,2.248
344,4,10,6,2015,1315768370.0,1315985145.0,0,0,2.248
345,5,11,6,2015,854201617.0,853966852.0,0,0,2.248
346,6,12,6,2015,1080410930.0,1078988410.0,0,0,2.248
347,7,12,6,2015,0.0,0.0,0,0,2.248
348,1,13,6,2015,0.0,0.0,0,0,2.248
349,2,15,6,2015,1181586164.0,1183509136.0,0,0,2.248
350,3,16,6,2015,1157689022.0,1157646297.0,0,0,2.248
351,4,17,6,2015,847771382.0,849888703.0,0,0,2.248
352,5,18,6,2015,800488182.0,806485012.0,0,0,2.248
353,6,19,6,2015,866605292.0,867671132.0,0,0,2.248
354,7,19,6,2015,0.0,0.0,0,0,2.248
355,1,20,6,2015,0.0,0.0,0,0,2.248
356,2,22,6,2015,930524855.0,930872725.0,0,0,2.248
357,3,23,6,2015,1141057114.0,1140145909.0,0,0,2.248
358,4,24,6,2015,666822437.0,667081967.0,0,0,2.248
359,5,25,6,2015,903286728.0,901717603.0,0,0,2.248
360,6,26,6,2015,732171799.0,732212914.0,0,0,2.248
361,7,26,6,2015,0.0,0.0,0,0,2.248
362,1,27,6,2015,0.0,0.0,0,0,2.248
363,2,29,6,2015,1087199470.0,1088404125.0,0,0,2.248
364,3,30,6,2015,822854096.0,821826806.0,0,0,2.248
365,4,1,7,2015,787359627.0,786368847.0,0,0,2.218
366,5,2,7,2015,687857135.0,688340895.0,0,0,2.218
367,6,3,7,2015,696447955.0,696965885.0,0,0,2.218
368,7,3,7,2015,0.0,0.0,0,0,2.218
369,1,4,7,2015,0.0,0.0,0,0,2.218
370,2,6,7,2015,1420434884.0,1420782294.0,0,0,2.218
371,3,7,7,2015,1174831350.0,1173916280.0,0,0,2.218
372,4,8,7,2015,1044435315.0,1045411990.0,0,1,2.218
373,5,8,7,2015,0.0,0.0,0,0,2.218
374,6,10,7,2015,1061807085.0,1062105998.0,1,0,2.218
375,7,10,7,2015,0.0,0.0,0,0,2.218
376,1,11,7,2015,0.0,0.0,0,0,2.218
377,2,13,7,2015,1239819878.0,1239772595.0,0,0,2.218
378,3,14,7,2015,1208194021.0,1208846731.0,0,0,2.218
379,4,15,7,2015,873669772.0,873731018.0,0,0,2.218
380,5,16,7,2015,745554771.0,747331496.0,0,0,2.218
381,6,17,7,2015,1018123556.0,1018550131.0,0,0,2.218
382,7,17,7,2015,0.0,0.0,0,0,2.218
383,1,18,7,2015,0.0,0.0,0,0,2.218
384,2,20,7,2015,1183421308.0,1181834568.0,0,0,2.218
385,3,21,7,2015,1002177179.0,1002431879.0,0,0,2.218
386,4,22,7,2015,868839412.0,870260112.0,0,0,2.218
387,5,23,7,2015,859043058.0,858752068.0,0,0,2.218
388,6,24,7,2015,775060703.0,775974088.0,0,0,2.218
389,7,24,7,2015,0.0,0.0,0,0,2.218
390,1,25,7,2015,0.0,0.0,0,0,2.218
391,2,27,7,2015,937146558.0,936478308.0,0,0,2.218
392,3,28,7,2015,452272718.0,451680613.0,0,0,2.218
393,4,29,7,2015,512892444.0,512701049.0,0,0,2.218
394,5,30,7,2015,476762686.0,475464611.0,0,0,2.218
395,6,31,7,2015,371447272.0,372769497.0,0,0,2.218
396,7,31,7,2015,0.0,0.0,0,0,2.218
397,1,1,8,2015,0.0,0.0,0,0,2.097
398,2,3,8,2015,617199309.0,616558734.0,0,0,2.097
399,3,4,8,2015,1052452341.0,1053251251.0,0,0,2.097
400,4,5,8,2015,882101295.0,883032945.0,0,0,2.097
401,5,6,8,2015,547962223.0,545981673.0,0,0,2.097
402,6,7,8,2015,778882458.0,779744106.0,0,0,2.097
403,7,7,8,2015,0.0,0.0,0,0,2.097
404,1,8,8,2015,0.0,0.0,0,0,2.097
405,2,10,8,2015,502649985.0,501588497.0,0,0,2.097
406,3,11,8,2015,802999839.0,804044759.0,0,0,2.097
407,4,12,8,2015,662360296.0,660489561.0,0,0,2.097
408,5,13,8,2015,653162290.0,653998080.0,0,0,2.097
409,6,14,8,2015,757423090.0,758770825.0,0,1,2.097
410,7,14,8,2015,0.0,0.0,0,0,2.097
411,1,15,8,2015,0.0,0.0,0,0,2.097
412,2,16,8,2015,0.0,0.0,0,0,2.097
413,3,18,8,2015,751725905.0,749975300.0,1,0,2.097
414,4,19,8,2015,606062896.0,606437966.0,0,0,2.097
415,5,20,8,2015,739359819.0,740127944.0,0,0,2.097
416,6,21,8,2015,702937887.0,703050862.0,0,0,2.097
417,7,21,8,2015,0.0,0.0,0,0,2.097
418,1,22,8,2015,0.0,0.0,0,0,2.097
419,2,24,8,2015,568007164.0,567919274.0,0,0,2.097
420,3,25,8,2015,535343902.0,535844352.0,0,0,2.097
421,4,26,8,2015,350637972.0,349681222.0,0,0,2.097
422,5,27,8,2015,472537785.0,471293785.0,0,0,2.097
423,6,28,8,2015,534978694.0,536914994.0,0,0,2.097
424,7,28,8,2015,0.0,0.0,0,0,2.097
425,1,29,8,2015,0.0,0.0,0,0,2.097
426,2,31,8,2015,703338813.0,703168413.0,0,0,2.097
427,3,1,9,2015,679203829.0,679217229.0,0,0,1.72
428,4,2,9,2015,635256505.0,636453364.0,0,0,1.72
429,5,3,9,2015,639117666.0,638881766.0,0,0,1.72
430,6,4,9,2015,586750989.0,586932919.0,0,0,1.72
431,7,4,9,2015,0.0,0.0,0,0,1.72
432,1,5,9,2015,0.0,0.0,0,0,1.72
433,2,7,9,2015,615641771.0,615730766.0,0,0,1.72
434,3,8,9,2015,513295374.0,513965549.0,0,0,1.72
435,4,9,9,2015,531870239.0,531776489.0,0,0,1.72
436,5,10,9,2015,512085635.0,511430545.0,0,0,1.72
437,6,11,9,2015,715952744.0,716184724.0,0,0,1.72
438,7,11,9,2015,0.0,0.0,0,0,1.72
439,1,12,9,2015,0.0,0.0,0,0,1.72
440,2,14,9,2015,542348562.0,540384222.0,0,0,1.72
441,3,15,9,2015,585476098.0,586806589.0,0,0,1.72
442,4,16,9,2015,439561763.0,439981213.0,0,0,1.72
443,5,17,9,2015,504530042.0,504777142.0,0,0,1.72
444,6,18,9,2015,573304047.0,572739087.0,0,0,1.72
445,7,18,9,2015,0.0,0.0,0,0,1.72
446,1,19,9,2015,0.0,0.0,0,0,1.72
447,2,21,9,2015,756633841.0,756090241.0,0,0,1.72
448,3,22,9,2015,406289271.0,407281731.0,0,0,1.72
449,4,23,9,2015,484019118.0,483947318.0,0,0,1.72
450,5,24,9,2015,480984907.0,480111907.0,0,0,1.72
451,6,25,9,2015,563147231.0,564427191.0,0,0,1.72
452,7,25,9,2015,0.0,0.0,0,0,1.72
453,1,26,9,2015,0.0,0.0,0,0,1.72
454,2,28,9,2015,822487873.0,821029223.0,0,0,1.72
455,3,29,9,2015,611811452.0,613442337.0,0,0,1.72
456,4,30,9,2015,603876738.0,603798343.0,0,0,1.72
457,5,1,10,2015,678969703.0,677160453.0,0,0,1.838
458,6,2,10,2015,616503959.0,615827459.0,0,0,1.838
459,7,2,10,2015,0.0,0.0,0,0,1.838
460,1,3,10,2015,0.0,0.0,0,0,1.838
461,2,5,10,2015,1006828027.0,1008347577.0,0,0,1.838
462,3,6,10,2015,1047983983.0,1048572058.0,0,0,1.838
463,4,7,10,2015,1120313227.0,1119440452.0,0,0,1.838
464,5,8,10,2015,743047965.0,745678128.0,0,0,1.838
465,6,9,10,2015,637464705.0,636441625.0,0,1,1.838
466,7,9,10,2015,0.0,0.0,0,0,1.838
467,1,10,10,2015,0.0,0.0,0,0,1.838
468,2,11,10,2015,0.0,0.0,0,0,1.838
469,3,13,10,2015,754343081.0,754392711.0,1,0,1.838
470,4,14,10,2015,1028418842.0,1029038817.0,0,0,1.838
471,5,15,10,2015,705113875.0,704684725.0,0,0,1.838
472,6,16,10,2015,615738397.0,615381622.0,0,0,1.838
473,7,16,10,2015,0.0,0.0,0,0,1.838
474,1,17,10,2015,0.0,0.0,0,0,1.838
475,2,19,10,2015,682436575.0,682663435.0,0,0,1.838
476,3,20,10,2015,721500719.0,721012614.0,0,0,1.838
477,4,21,10,2015,467368743.0,467197493.0,0,0,1.838
478,5,22,10,2015,503595132.0,503711417.0,0,0,1.838
479,6,23,10,2015,633983620.0,633444445.0,0,0,1.838
480,7,23,10,2015,0.0,0.0,0,0,1.838
481,1,24,10,2015,0.0,0.0,0,0,1.838
482,2,26,10,2015,426102326.0,426976196.0,0,0,1.838
483,3,27,10,2015,330867853.0,330721553.0,0,0,1.838
484,4,28,10,2015,552215717.0,552797167.0,0,0,1.838
485,5,29,10,2015,456760477.0,457147477.0,0,0,1.838
486,6,30,10,2015,1083224941.0,1083547296.0,0,0,1.838
487,7,30,10,2015,0.0,0.0,0,0,1.838
488,1,31,10,2015,0.0,0.0,0,0,1.838
489,2,2,11,2015,723864435.0,723748770.0,0,0,2.028
490,3,3,11,2015,732280811.0,730740286.0,0,0,2.028
491,4,4,11,2015,560619307.0,562377132.0,0,0,2.028
492,5,5,11,2015,1185602167.0,1185824117.0,0,1,2.028
493,6,5,11,2015,0.0,0.0,0,0,2.028
494,7,6,11,2015,0.0,0.0,0,0,2.028
495,1,7,11,2015,0.0,0.0,0,0,2.028
496,2,9,11,2015,767900363.0,765769113.0,1,0,2.028
497,3,10,11,2015,757563694.0,756987719.0,0,0,2.028
498,4,11,11,2015,569990050.0,569881475.0,0,0,2.028
499,5,12,11,2015,540024375.0,533453590.0,0,0,2.028
500,6,13,11,2015,1076418978.0,1080594663.0,0,0,2.028
501,7,13,11,2015,0.0,0.0,0,0,2.028
502,1,14,11,2015,0.0,0.0,0,0,2.028
503,2,16,11,2015,1036183357.0,1037351907.0,0,0,2.028
504,3,17,11,2015,816101845.0,814935495.0,0,0,2.028
505,4,18,11,2015,729175830.0,728418105.0,0,0,2.028
506,5,19,11,2015,743169233.0,746288988.0,0,0,2.028
507,6,20,11,2015,805727305.0,807800345.0,0,0,2.028
508,7,20,11,2015,0.0,0.0,0,0,2.028
509,1,21,11,2015,0.0,0.0,0,0,2.028
510,2,23,11,2015,643664304.0,640861534.0,0,0,2.028
511,3,24,11,2015,757946782.0,755396532.0,0,0,2.028
512,4,25,11,2015,3502194451.0,3504718151.0,0,0,2.028
513,5,26,11,2015,655983151.0,657231226.0,0,1,2.028
514,6,26,11,2015,0.0,0.0,0,0,2.028
515,7,27,11,2015,0.0,0.0,0,0,2.028
516,1,28,11,2015,0.0,0.0,0,0,2.028
517,2,30,11,2015,1358868833.0,1355254238.0,1,0,2.028
518,3,1,12,2015,947306494.0,944703279.0,0,0,3.451
519,4,2,12,2015,696559847.0,696947457.0,0,0,3.451
520,5,3,12,2015,759109430.0,761013390.0,0,0,3.451
521,6,4,12,2015,972122617.0,972619982.0,0,2,3.451
522,7,4,12,2015,0.0,0.0,0,0,3.451
523,1,5,12,2015,0.0,0.0,0,0,3.451
524,2,6,12,2015,0.0,0.0,0,0,3.451
525,3,7,12,2015,0.0,0.0,0,0,3.451
526,4,9,12,2015,1145575609.0,1138913459.0,2,0,3.451
527,5,10,12,2015,571132961.0,575333061.0,0,0,3.451
528,6,11,12,2015,779411532.0,783593312.0,0,0,3.451
529,7,11,12,2015,0.0,0.0,0,0,3.451
530,1,12,12,2015,0.0,0.0,0,0,3.451
531,2,14,12,2015,964714622.0,962787778.0,0,0,3.451
532,3,15,12,2015,651508221.0,653835846.0,0,0,3.451
533,4,16,12,2015,714354673.0,713864068.0,0,0,3.451
534,5,17,12,2015,473329386.0,476436791.0,0,0,3.451
535,6,18,12,2015,1460974103.0,1462907373.0,0,0,3.451
536,7,18,12,2015,0.0,0.0,0,0,3.451
537,1,19,12,2015,0.0,0.0,0,0,3.451
538,2,21,12,2015,1160078742.0,1155329522.0,0,0,3.451
539,3,22,12,2015,1113889950.0,1115209300.0,0,0,3.451
540,4,23,12,2015,735412117.0,735225617.0,0,0,3.451
541,5,24,12,2015,461260222.0,456665422.0,0,1,3.451
542,6,24,12,2015,0.0,0.0,0,0,3.451
543,7,25,12,2015,0.0,0.0,0,0,3.451
544,1,26,12,2015,0.0,0.0,0,0,3.451
545,2,28,12,2015,797633745.0,805008585.0,1,0,3.451
546,3,29,12,2015,1797952743.0,1797183943.0,0,0,3.451
547,4,30,12,2015,1327698972.0,1328069727.0,0,0,3.451
548,5,31,12,2015,153260454.0,153555549.0,0,1,3.451
549,6,31,12,2015,0.0,0.0,0,0,3.451
550,7,1,1,2016,0.0,0.0,0,0,6.305
551,1,2,1,2016,0.0,0.0,0,0,6.305
552,2,4,1,2016,1088589978.0,1086183988.0,1,0,6.305
553,3,5,1,2016,733350736.0,732714636.0,0,0,6.305
554,4,6,1,2016,715434115.0,712180505.0,0,0,6.305
555,5,7,1,2016,607027535.0,612144345.0,0,0,6.305
556,6,8,1,2016,1352004632.0,1353183722.0,0,0,6.305
557,7,8,1,2016,0.0,0.0,0,0,6.305
558,1,9,1,2016,0.0,0.0,0,0,6.305
559,2,11,1,2016,1049751907.0,1049804282.0,0,0,6.305
560,3,12,1,2016,650968292.0,648416487.0,0,0,6.305
561,4,13,1,2016,665073560.0,664147895.0,0,0,6.305
562,5,14,1,2016,795246985.0,799530740.0,0,0,6.305
563,6,15,1,2016,739645962.0,739090342.0,0,0,6.305
564,7,15,1,2016,0.0,0.0,0,0,6.305
565,1,16,1,2016,0.0,0.0,0,0,6.305
566,2,18,1,2016,1097744209.0,1097823379.0,0,0,6.305
567,3,19,1,2016,512302608.0,511192988.0,0,0,6.305
568,4,20,1,2016,853018321.0,854384471.0,0,0,6.305
569,5,21,1,2016,540424428.0,538676528.0,0,0,6.305
570,6,22,1,2016,385762207.0,387716032.0,0,0,6.305
571,7,22,1,2016,0.0,0.0,0,0,6.305
572,1,23,1,2016,0.0,0.0,0,0,6.305
573,2,25,1,2016,793369572.0,792185647.0,0,0,6.305
574,3,26,1,2016,394769406.0,396131831.0,0,0,6.305
575,4,27,1,2016,410198973.0,407243298.0,0,0,6.305
576,5,28,1,2016,638699368.0,638887768.0,0,0,6.305
577,6,29,1,2016,647017048.0,649777198.0,0,0,6.305
578,7,29,1,2016,0.0,0.0,0,0,6.305
579,1,30,1,2016,0.0,0.0,0,0,6.305
580,2,1,2,2016,634577515.0,630034515.0,0,0,2.401
581,3,2,2,2016,542556453.0,544903008.0,0,0,2.401
582,4,3,2,2016,492795975.0,491828020.0,0,0,2.401
583,5,4,2,2016,771829792.0,773482767.0,0,0,2.401
584,6,5,2,2016,601015765.0,601245165.0,0,2,2.401
585,7,5,2,2016,0.0,0.0,0,0,2.401
586,1,6,2,2016,0.0,0.0,0,0,2.401
587,2,7,2,2016,0.0,0.0,0,0,2.401
588,3,8,2,2016,0.0,0.0,0,0,2.401
589,4,10,2,2016,1149138012.0,1146363967.0,2,0,2.401
590,5,11,2,2016,667079244.0,668367804.0,0,0,2.401
591,6,12,2,2016,871750011.0,871581441.0,0,0,2.401
592,7,12,2,2016,0.0,0.0,0,0,2.401
593,1,13,2,2016,0.0,0.0,0,0,2.401
594,2,15,2,2016,608496659.0,607627884.0,0,0,2.401
595,3,16,2,2016,542890543.0,543421243.0,0,0,2.401
596,4,17,2,2016,473325675.0,474191580.0,0,0,2.401
597,5,18,2,2016,629951456.0,629717916.0,0,0,2.401
598,6,19,2,2016,518622390.0,518892340.0,0,0,2.401
599,7,19,2,2016,0.0,0.0,0,0,2.401
600,1,20,2,2016,0.0,0.0,0,0,2.401
601,2,22,2,2016,601515717.0,602830872.0,0,0,2.401
602,3,23,2,2016,478063228.0,474253333.0,0,0,2.401
603,4,24,2,2016,449152286.0,452430306.0,0,0,2.401
604,5,25,2,2016,471224305.0,469722205.0,0,0,2.401
605,6,26,2,2016,870422882.0,872859592.0,0,0,2.401
606,7,26,2,2016,0.0,0.0,0,0,2.401
607,1,27,2,2016,0.0,0.0,0,0,2.401
608,2,29,2,2016,673156476.0,675200026.0,0,0,2.401
609,3,1,3,2016,587765083.0,585700858.0,0,0,2.81
610,4,2,3,2016,828783567.0,840271617.0,0,0,2.81
611,5,3,3,2016,656222443.0,653894268.0,0,0,2.81
612,6,4,3,2016,709908757.0,705412182.0,0,0,2.81
613,7,4,3,2016,0.0,0.0,0,0,2.81
614,1,5,3,2016,0.0,0.0,0,0,2.81
615,2,7,3,2016,551020544.0,553902369.0,0,0,2.81
616,3,8,3,2016,911554856.0,910503656.0,0,0,2.81
617,4,9,3,2016,604202525.0,607221290.0,0,0,2.81
618,5,10,3,2016,4615220645.0,4616141855.0,0,0,2.81
619,6,11,3,2016,696315828.0,696041153.0,0,0,2.81
620,7,11,3,2016,0.0,0.0,0,0,2.81
621,1,12,3,2016,0.0,0.0,0,0,2.81
622,2,14,3,2016,813256258.0,813613143.0,0,0,2.81
623,3,15,3,2016,658232435.0,658617490.0,0,0,2.81
624,4,16,3,2016,876845251.0,876648901.0,0,0,2.81
625,5,17,3,2016,528968514.0,530229719.0,0,0,2.81
626,6,18,3,2016,653858438.0,652926918.0,0,0,2.81
627,7,18,3,2016,0.0,0.0,0,0,2.81
628,1,19,3,2016,0.0,0.0,0,0,2.81
629,2,21,3,2016,607713738.0,606346763.0,0,0,2.81
630,3,22,3,2016,685211126.0,683357411.0,0,0,2.81
631,4,23,3,2016,515712059.0,507728384.0,0,2,2.81
632,5,23,3,2016,0.0,0.0,0,0,2.81
633,6,24,3,2016,0.0,0.0,0,0,2.81
634,7,25,3,2016,0.0,0.0,0,0,2.81
635,1,26,3,2016,0.0,0.0,0,0,2.81
636,2,28,3,2016,599525015.0,608077430.0,2,0,2.81
637,3,29,3,2016,642115810.0,641230035.0,0,0,2.81
638,4,30,3,2016,760193263.0,762207438.0,0,0,2.81
639,5,31,3,2016,661968994.0,661434019.0,0,0,2.81
640,6,1,4,2016,1000526472.0,998468972.0,0,0,2.74
641,7,1,4,2016,0.0,0.0,0,0,2.74
642,1,2,4,2016,0.0,0.0,0,0,2.74
643,2,4,4,2016,710860877.0,711183052.0,0,0,2.74
644,3,5,4,2016,643916658.0,643040718.0,0,0,2.74
645,4,6,4,2016,548680956.0,550492421.0,0,0,2.74
646,5,7,4,2016,677150311.0,676017486.0,0,0,2.74
647,6,8,4,2016,874380490.0,877514355.0,0,0,2.74
648,7,8,4,2016,0.0,0.0,0,0,2.74
649,1,9,4,2016,0.0,0.0,0,0,2.74
650,2,11,4,2016,564584808.0,562898993.0,0,0,2.74
651,3,12,4,2016,684812480.0,686837556.0,0,0,2.74
652,4,13,4,2016,1188897094.0,1189848014.0,0,0,2.74
653,5,14,4,2016,12000000.0,12320000.0,0,0,2.74
654,6,15,4,2016,852085115.0,852502455.0,0,0,2.74
655,7,15,4,2016,0.0,0.0,0,0,2.74
656,1,16,4,2016,0.0,0.0,0,0,2.74
657,2,18,4,2016,695016658.0,692910108.0,0,0,2.74
658,3,19,4,2016,769500631.0,769645956.0,0,0,2.74
659,4,20,4,2016,894984065.0,897255040.0,0,0,2.74
660,5,21,4,2016,16000000.0,15243500.0,0,0,2.74
661,6,22,4,2016,511220064.0,510071489.0,0,0,2.74
662,7,22,4,2016,0.0,0.0,0,0,2.74
663,1,23,4,2016,0.0,0.0,0,0,2.74
664,2,25,4,2016,649879846.0,651568371.0,0,0,2.74
665,3,26,4,2016,802957091.0,802069091.0,0,0,2.74
666,4,27,4,2016,571633718.0,572861568.0,0,0,2.74
667,5,28,4,2016,694569028.0,694119178.0,0,0,2.74
668,6,29,4,2016,351592891.0,350761041.0,0,0,2.74
669,7,29,4,2016,0.0,0.0,0,0,2.74
670,1,30,4,2016,0.0,0.0,0,0,2.74
671,2,2,5,2016,824436152.0,826339737.0,0,0,2.447
672,3,3,5,2016,785154454.0,784508464.0,0,0,2.447
673,4,4,5,2016,592315157.0,593247112.0,0,0,2.447
674,5,5,5,2016,657102383.0,655171673.0,0,0,2.447
675,6,6,5,2016,621149145.0,621879100.0,0,0,2.447
676,7,6,5,2016,0.0,0.0,0,0,2.447
677,1,7,5,2016,0.0,0.0,0,0,2.447
678,2,9,5,2016,615039304.0,615621134.0,0,0,2.447
679,3,10,5,2016,773112718.0,770927678.0,0,0,2.447
680,4,11,5,2016,877487867.0,877518087.0,0,0,2.447
681,5,12,5,2016,505499100.0,502565510.0,0,0,2.447
682,6,13,5,2016,552293419.0,556055959.0,0,0,2.447
683,7,13,5,2016,0.0,0.0,0,0,2.447
684,1,14,5,2016,0.0,0.0,0,0,2.447
685,2,16,5,2016,788168110.0,785026310.0,0,0,2.447
686,3,17,5,2016,743374094.0,744347399.0,0,0,2.447
687,4,18,5,2016,856757756.0,857598096.0,0,0,2.447
688,5,19,5,2016,563138127.0,563805052.0,0,0,2.447
689,6,20,5,2016,520035475.0,518008095.0,0,0,2.447
690,7,20,5,2016,0.0,0.0,0,0,2.447
691,1,21,5,2016,0.0,0.0,0,0,2.447
692,2,23,5,2016,529922036.0,531399076.0,0,0,2.447
693,3,24,5,2016,555179200.0,557600785.0,0,1,2.447
694,4,24,5,2016,0.0,0.0,0,0,2.447
695,5,26,5,2016,506211237.0,504055532.0,1,0,2.447
696,6,27,5,2016,603172318.0,605106708.0,0,0,2.447
697,7,27,5,2016,0.0,0.0,0,0,2.447
698,1,28,5,2016,0.0,0.0,0,0,2.447
699,2,30,5,2016,646029317.0,644709507.0,0,0,2.447
700,3,31,5,2016,914086467.0,914387840.0,0,0,2.447
701,4,1,6,2016,596780531.0,597057038.0,0,0,1.6280000000000001
702,5,2,6,2016,596692720.0,592635335.0,0,0,1.6280000000000001
703,6,3,6,2016,713670792.0,714819307.0,0,0,1.6280000000000001
704,7,3,6,2016,0.0,0.0,0,0,1.6280000000000001
705,1,4,6,2016,0.0,0.0,0,0,1.6280000000000001
706,2,6,6,2016,708053288.0,710339998.0,0,0,1.6280000000000001
707,3,7,6,2016,680463608.0,683498833.0,0,0,1.6280000000000001
708,4,8,6,2016,642366150.0,640776315.0,0,0,1.6280000000000001
709,5,9,6,2016,781751491.0,781128096.0,0,0,1.6280000000000001
710,6,10,6,2016,619165043.0,615589283.0,0,0,1.6280000000000001
711,7,10,6,2016,0.0,0.0,0,0,1.6280000000000001
712,1,11,6,2016,0.0,0.0,0,0,1.6280000000000001
713,2,13,6,2016,628267345.0,626142935.0,0,0,1.6280000000000001
714,3,14,6,2016,700083971.0,703062316.0,0,0,1.6280000000000001
715,4,15,6,2016,940885223.0,941177838.0,0,0,1.6280000000000001
716,5,16,6,2016,884235899.0,884289164.0,0,2,1.6280000000000001
717,6,16,6,2016,0.0,0.0,0,0,1.6280000000000001
718,7,17,6,2016,0.0,0.0,0,0,1.6280000000000001
719,1,18,6,2016,0.0,0.0,0,0,1.6280000000000001
720,2,19,6,2016,0.0,0.0,0,0,1.6280000000000001
721,3,21,6,2016,795333628.0,795410243.0,2,0,1.6280000000000001
722,4,22,6,2016,925621370.0,925040910.0,0,0,1.6280000000000001
723,5,23,6,2016,505725882.0,503597672.0,0,0,1.6280000000000001
724,6,24,6,2016,530778584.0,533114614.0,0,0,1.6280000000000001
725,7,24,6,2016,0.0,0.0,0,0,1.6280000000000001
726,1,25,6,2016,0.0,0.0,0,0,1.6280000000000001
727,2,27,6,2016,582810545.0,584067925.0,0,0,1.6280000000000001
728,3,28,6,2016,463139186.0,460355651.0,0,0,1.6280000000000001
729,4,29,6,2016,679109364.0,682319804.0,0,0,1.6280000000000001
730,5,30,6,2016,476200902.0,473725292.0,0,0,1.6280000000000001
731,6,1,7,2016,628646651.0,627485786.0,0,0,0.753
732,7,1,7,2016,0.0,0.0,0,0,0.753
733,1,2,7,2016,0.0,0.0,0,0,0.753
734,2,4,7,2016,766195743.0,765160593.0,0,0,0.753
735,3,5,7,2016,793129833.0,795773703.0,0,0,0.753
736,4,6,7,2016,1448368954.0,1442518944.0,0,0,0.753
737,5,7,7,2016,711237080.0,716075355.0,0,1,0.753
738,6,7,7,2016,0.0,0.0,0,0,0.753
739,7,8,7,2016,0.0,0.0,0,0,0.753
740,1,9,7,2016,0.0,0.0,0,0,0.753
741,2,11,7,2016,890382044.0,887520909.0,1,0,0.753
742,3,12,7,2016,584958417.0,577483617.0,0,0,0.753
743,4,13,7,2016,732760925.0,732355825.0,0,0,0.753
744,5,14,7,2016,750442912.0,754972262.0,0,0,0.753
745,6,15,7,2016,1189303849.0,1193194079.0,0,0,0.753
746,7,15,7,2016,0.0,0.0,0,0,0.753
747,1,16,7,2016,0.0,0.0,0,0,0.753
748,2,18,7,2016,841732184.0,842035779.0,0,0,0.753
749,3,19,7,2016,766140217.0,769224117.0,0,0,0.753
750,4,20,7,2016,626880355.0,608671355.0,0,0,0.753
751,5,21,7,2016,447301616.0,445983366.0,0,0,0.753
752,6,22,7,2016,404177372.0,412079857.0,0,0,0.753
753,7,22,7,2016,0.0,0.0,0,0,0.753
754,1,23,7,2016,0.0,0.0,0,0,0.753
755,2,25,7,2016,526965118.0,530169068.0,0,0,0.753
756,3,26,7,2016,373927443.0,358599353.0,0,0,0.753
757,4,27,7,2016,529335773.0,527532618.0,0,0,0.753
758,5,28,7,2016,462557466.0,465682826.0,0,0,0.753
759,6,29,7,2016,511653984.0,517722094.0,0,0,0.753
760,7,29,7,2016,0.0,0.0,0,0,0.753
761,1,30,7,2016,0.0,0.0,0,0,0.753
762,2,1,8,2016,668617640.0,656862135.0,0,0,3.1180000000000003
763,3,2,8,2016,543614627.0,544627147.0,0,0,3.1180000000000003
764,4,3,8,2016,451471516.0,453961731.0,0,0,3.1180000000000003
765,5,4,8,2016,532715942.0,525039257.0,0,0,3.1180000000000003
766,6,5,8,2016,770824634.0,781286579.0,0,0,3.1180000000000003
767,7,5,8,2016,0.0,0.0,0,0,3.1180000000000003
768,1,6,8,2016,0.0,0.0,0,0,3.1180000000000003
769,2,8,8,2016,486236734.0,479048814.0,0,0,3.1180000000000003
770,3,9,8,2016,580218860.0,585741035.0,0,0,3.1180000000000003
771,4,10,8,2016,741807995.0,730363935.0,0,0,3.1180000000000003
772,5,11,8,2016,534797659.0,533875539.0,0,0,3.1180000000000003
773,6,12,8,2016,436306425.0,448851150.0,0,1,3.1180000000000003
774,7,12,8,2016,0.0,0.0,0,0,3.1180000000000003
775,1,13,8,2016,0.0,0.0,0,0,3.1180000000000003
776,2,14,8,2016,0.0,0.0,0,0,3.1180000000000003
777,3,16,8,2016,935587071.0,933129646.0,1,0,3.1180000000000003
778,4,17,8,2016,566481810.0,567335985.0,0,0,3.1180000000000003
779,5,18,8,2016,479848476.0,469591951.0,0,0,3.1180000000000003
780,6,19,8,2016,568306368.0,574997033.0,0,0,3.1180000000000003
781,7,19,8,2016,0.0,0.0,0,0,3.1180000000000003
782,1,20,8,2016,0.0,0.0,0,0,3.1180000000000003
783,2,22,8,2016,549142201.0,545455361.0,0,0,3.1180000000000003
784,3,23,8,2016,678261276.0,681883361.0,0,0,3.1180000000000003
785,4,24,8,2016,394217867.0,393428722.0,0,0,3.1180000000000003
786,5,25,8,2016,264698340.0,261627520.0,0,0,3.1180000000000003
787,6,26,8,2016,379517783.0,394312538.0,0,0,3.1180000000000003
788,7,26,8,2016,0.0,0.0,0,0,3.1180000000000003
789,1,27,8,2016,0.0,0.0,0,0,3.1180000000000003
790,2,29,8,2016,402828909.0,403045289.0,0,0,3.1180000000000003
791,3,30,8,2016,458718544.0,454894194.0,0,0,3.1180000000000003
792,4,31,8,2016,523089519.0,517500849.0,0,0,3.1180000000000003
793,5,1,9,2016,369001135.0,366919585.0,0,0,1.561
794,6,2,9,2016,706267036.0,714056086.0,0,0,1.561
795,7,2,9,2016,0.0,0.0,0,0,1.561
796,1,3,9,2016,0.0,0.0,0,0,1.561
797,2,5,9,2016,1073673934.0,1072047024.0,0,0,1.561
798,3,6,9,2016,569099101.0,561780191.0,0,0,1.561
799,4,7,9,2016,595623189.0,590412269.0,0,0,1.561
800,5,8,9,2016,637775626.0,647218706.0,0,0,1.561
801,6,9,9,2016,414893992.0,419964292.0,0,0,1.561
802,7,9,9,2016,0.0,0.0,0,0,1.561
803,1,10,9,2016,0.0,0.0,0,0,1.561
804,2,12,9,2016,400152570.0,391576170.0,0,0,1.561
805,3,13,9,2016,510892933.0,522733083.0,0,0,1.561
806,4,14,9,2016,457631157.0,444330007.0,0,0,1.561
807,5,15,9,2016,914334460.0,919747055.0,0,0,1.561
808,6,16,9,2016,724966596.0,737862591.0,0,0,1.561
809,7,16,9,2016,0.0,0.0,0,0,1.561
810,1,17,9,2016,0.0,0.0,0,0,1.561
811,2,19,9,2016,630025411.0,617261461.0,0,0,1.561
812,3,20,9,2016,426373144.0,427720304.0,0,0,1.561
813,4,21,9,2016,419270443.0,420150928.0,0,0,1.561
814,5,22,9,2016,498906434.0,496393924.0,0,0,1.561
815,6,23,9,2016,288842138.0,291425363.0,0,0,1.561
816,7,23,9,2016,0.0,0.0,0,0,1.561
817,1,24,9,2016,0.0,0.0,0,0,1.561
818,2,26,9,2016,486079442.0,487140642.0,0,0,1.561
819,3,27,9,2016,357957591.0,355417271.0,0,0,1.561
820,4,28,9,2016,325699774.0,327427094.0,0,0,1.561
821,5,29,9,2016,349607181.0,339441281.0,0,0,1.561
822,6,30,9,2016,629417846.0,628202146.0,0,0,1.561
823,7,30,9,2016,0.0,0.0,0,0,1.561
824,1,1,10,2016,0.0,0.0,0,0,1.537
825,2,3,10,2016,737035247.0,727555197.0,0,0,1.537
826,3,4,10,2016,615810246.0,618147001.0,0,0,1.537
827,4,5,10,2016,724281830.0,726797114.0,0,0,1.537
828,5,6,10,2016,526644251.0,518967412.0,0,0,1.537
829,6,7,10,2016,880884031.0,888008756.0,0,1,1.537
830,7,7,10,2016,0.0,0.0,0,0,1.537
831,1,8,10,2016,0.0,0.0,0,0,1.537
832,2,9,10,2016,0.0,0.0,0,0,1.537
833,3,11,10,2016,929823253.0,924604378.0,1,0,1.537
834,4,12,10,2016,654389425.0,668565950.0,0,0,1.537
835,5,13,10,2016,558081655.0,549016430.0,0,0,1.537
836,6,14,10,2016,990522283.0,996904278.0,0,0,1.537
837,7,14,10,2016,0.0,0.0,0,0,1.537
838,1,15,10,2016,0.0,0.0,0,0,1.537
839,2,17,10,2016,641852015.0,639633970.0,0,0,1.537
840,3,18,10,2016,303137958.0,311469583.0,0,0,1.537
841,4,19,10,2016,300911174.0,284913149.0,0,0,1.537
842,5,20,10,2016,747269990.0,746069040.0,0,0,1.537
843,6,21,10,2016,554472007.0,559656007.0,0,0,1.537
844,7,21,10,2016,0.0,0.0,0,0,1.537
845,1,22,10,2016,0.0,0.0,0,0,1.537
846,2,24,10,2016,798460640.0,802095115.0,0,0,1.537
847,3,25,10,2016,778044909.0,785770509.0,0,0,1.537
848,4,26,10,2016,398651411.0,397500836.0,0,0,1.537
849,5,27,10,2016,654438875.0,653007075.0,0,0,1.537
850,6,28,10,2016,59231400.0,70217200.0,0,0,1.537
851,7,28,10,2016,0.0,0.0,0,0,1.537
852,1,29,10,2016,0.0,0.0,0,0,1.537
853,2,31,10,2016,859527442.0,839563967.0,0,0,1.537
854,3,1,11,2016,740732453.0,741983028.0,0,0,1.785
855,4,2,11,2016,687837960.0,689118360.0,0,0,1.785
856,5,3,11,2016,736869167.0,740369732.0,0,0,1.785
857,6,4,11,2016,726005194.0,730947754.0,0,0,1.785
858,7,4,11,2016,0.0,0.0,0,0,1.785
859,1,5,11,2016,0.0,0.0,0,0,1.785
860,2,7,11,2016,639232203.0,629804468.0,0,0,1.785
861,3,8,11,2016,698525907.0,704275132.0,0,0,1.785
862,4,9,11,2016,600865666.0,604368851.0,0,0,1.785
863,5,10,11,2016,597450756.0,596663716.0,0,0,1.785
864,6,11,11,2016,730482866.0,744872276.0,0,0,1.785
865,7,11,11,2016,0.0,0.0,0,0,1.785
866,1,12,11,2016,0.0,0.0,0,0,1.785
867,2,14,11,2016,363136297.0,351387097.0,0,0,1.785
868,3,15,11,2016,1178464974.0,1178968074.0,0,0,1.785
869,4,16,11,2016,669384912.0,660478847.0,0,0,1.785
870,5,17,11,2016,586192235.0,594141905.0,0,0,1.785
871,6,18,11,2016,547134595.0,541729095.0,0,0,1.785
872,7,18,11,2016,0.0,0.0,0,0,1.785
873,1,19,11,2016,0.0,0.0,0,0,1.785
874,2,21,11,2016,765785026.0,768463951.0,0,0,1.785
875,3,22,11,2016,498403680.0,505855080.0,0,0,1.785
876,4,23,11,2016,397181647.0,382523197.0,0,0,1.785
877,5,24,11,2016,693743515.0,702472440.0,0,0,1.785
878,6,25,11,2016,374347620.0,376203195.0,0,1,1.785
879,7,25,11,2016,0.0,0.0,0,0,1.785
880,1,26,11,2016,0.0,0.0,0,0,1.785
881,2,27,11,2016,0.0,0.0,0,0,1.785
882,3,29,11,2016,610015866.0,600859391.0,1,0,1.785
883,4,30,11,2016,588703436.0,589774271.0,0,0,1.785
884,5,1,12,2016,577193797.0,575400937.0,0,0,1.34
885,6,2,12,2016,852528937.0,852196437.0,0,0,1.34
886,7,2,12,2016,0.0,0.0,0,0,1.34
887,1,3,12,2016,0.0,0.0,0,0,1.34
888,2,5,12,2016,727398040.0,735833275.0,0,0,1.34
889,3,6,12,2016,2009265929.0,1998066629.0,0,0,1.34
890,4,7,12,2016,849221446.0,851550136.0,0,2,1.34
891,5,7,12,2016,0.0,0.0,0,0,1.34
892,6,8,12,2016,0.0,0.0,0,0,1.34
893,7,9,12,2016,0.0,0.0,0,0,1.34
894,1,10,12,2016,0.0,0.0,0,0,1.34
895,2,12,12,2016,840923225.0,835210325.0,2,0,1.34
896,3,13,12,2016,937264978.0,938835368.0,0,0,1.34
897,4,14,12,2016,470496369.0,478958544.0,0,0,1.34
898,5,15,12,2016,789589339.0,791967649.0,0,0,1.34
899,6,16,12,2016,914811433.0,907547758.0,0,0,1.34
900,7,16,12,2016,0.0,0.0,0,0,1.34
901,1,17,12,2016,0.0,0.0,0,0,1.34
902,2,19,12,2016,943793056.0,946915281.0,0,0,1.34
903,3,20,12,2016,1013471959.0,1015320659.0,0,0,1.34
904,4,21,12,2016,891490949.0,889583499.0,0,0,1.34
905,5,22,12,2016,687398702.0,676431752.0,0,0,1.34
906,6,23,12,2016,708920223.0,719562423.0,0,0,1.34
907,7,23,12,2016,0.0,0.0,0,0,1.34
908,1,24,12,2016,0.0,0.0,0,0,1.34
909,2,26,12,2016,477152969.0,475940419.0,0,0,1.34
910,3,27,12,2016,756214186.0,765992336.0,0,0,1.34
911,4,28,12,2016,511200458.0,502747833.0,0,0,1.34
912,5,29,12,2016,717241760.0,723863675.0,0,0,1.34
913,6,30,12,2016,434772336.0,441139246.0,0,0,1.34
914,7,30,12,2016,0.0,0.0,0,0,1.34
915,1,31,12,2016,0.0,0.0,0,0,1.34
916,2,2,1,2017,533575807.0,535600857.0,0,0,2.944
917,3,3,1,2017,659912149.0,649468099.0,0,0,2.944
918,4,4,1,2017,649425627.0,644914097.0,0,0,2.944
919,5,5,1,2017,651501017.0,660846747.0,0,0,2.944
920,6,6,1,2017,887432313.0,884540413.0,0,0,2.944
921,7,6,1,2017,0.0,0.0,0,0,2.944
922,1,7,1,2017,0.0,0.0,0,0,2.944
923,2,9,1,2017,549920721.0,546536281.0,0,0,2.944
924,3,10,1,2017,694393706.0,698248006.0,0,0,2.944
925,4,11,1,2017,807905366.0,803921806.0,0,0,2.944
926,5,12,1,2017,632834967.0,638313067.0,0,0,2.944
927,6,13,1,2017,568812377.0,582306077.0,0,0,2.944
928,7,13,1,2017,0.0,0.0,0,0,2.944
929,1,14,1,2017,0.0,0.0,0,0,2.944
930,2,16,1,2017,727809969.0,716543469.0,0,0,2.944
931,3,17,1,2017,800842965.0,798361965.0,0,0,2.944
932,4,18,1,2017,485191201.0,491049601.0,0,0,2.944
933,5,19,1,2017,569153122.0,563713822.0,0,0,2.944
934,6,20,1,2017,925654873.0,932195673.0,0,0,2.944
935,7,20,1,2017,0.0,0.0,0,0,2.944
936,1,21,1,2017,0.0,0.0,0,0,2.944
937,2,23,1,2017,479784549.0,471341324.0,0,0,2.944
938,3,24,1,2017,330857881.0,342447156.0,0,0,2.944
939,4,25,1,2017,442878348.0,434975298.0,0,0,2.944
940,5,26,1,2017,598320014.0,597192914.0,0,0,2.944
941,6,27,1,2017,649290268.0,655599268.0,0,0,2.944
942,7,27,1,2017,0.0,0.0,0,0,2.944
943,1,28,1,2017,0.0,0.0,0,0,2.944
944,2,30,1,2017,511518670.0,504729310.0,0,0,2.944
945,3,31,1,2017,556529179.0,551584659.0,0,0,2.944
946,4,1,2,2017,477928975.0,475376650.0,0,0,0.778
947,5,2,2,2017,682770816.0,687000691.0,0,0,0.778
948,6,3,2,2017,681552524.0,690168254.0,0,0,0.778
949,7,3,2,2017,0.0,0.0,0,0,0.778
950,1,4,2,2017,0.0,0.0,0,0,0.778
951,2,6,2,2017,637425102.0,630562757.0,0,0,0.778
952,3,7,2,2017,507631055.0,507795800.0,0,0,0.778
953,4,8,2,2017,710911184.0,710689384.0,0,0,0.778
954,5,9,2,2017,491335561.0,490286611.0,0,0,0.778
955,6,10,2,2017,831475979.0,829475929.0,0,0,0.778
956,7,10,2,2017,0.0,0.0,0,0,0.778
957,1,11,2,2017,0.0,0.0,0,0,0.778
958,2,13,2,2017,508152585.0,504350095.0,0,0,0.778
959,3,14,2,2017,860614039.0,870420034.0,0,0,0.778
960,4,15,2,2017,833773598.0,827617113.0,0,0,0.778
961,5,16,2,2017,547785942.0,547320677.0,0,0,0.778
962,6,17,2,2017,405736200.0,409421205.0,0,0,0.778
963,7,17,2,2017,0.0,0.0,0,0,0.778
964,1,18,2,2017,0.0,0.0,0,0,0.778
965,2,20,2,2017,1081176847.0,1066306862.0,0,0,0.778
966,3,21,2,2017,1669796709.0,1673367259.0,0,0,0.778
967,4,22,2,2017,1207005635.0,1210424010.0,0,0,0.778
968,5,23,2,2017,1229777368.0,1217147368.0,0,0,0.778
969,6,24,2,2017,1379485494.0,1412062544.0,0,2,0.778
970,7,24,2,2017,0.0,0.0,0,0,0.778
971,1,25,2,2017,0.0,0.0,0,0,0.778
972,2,26,2,2017,0.0,0.0,0,0,0.778
973,3,27,2,2017,0.0,0.0,0,0,0.778
974,4,1,3,2017,1149701132.0,1143781082.0,2,0,1.8359999999999999
975,5,2,3,2017,2138364889.0,2133709789.0,0,0,1.8359999999999999
976,6,3,3,2017,1772184018.0,1765935518.0,0,0,1.8359999999999999
977,7,3,3,2017,0.0,0.0,0,0,1.8359999999999999
978,1,4,3,2017,0.0,0.0,0,0,1.8359999999999999
979,2,6,3,2017,1277751799.0,1268115299.0,0,0,1.8359999999999999
980,3,7,3,2017,1658097368.0,1659814098.0,0,0,1.8359999999999999
981,4,8,3,2017,1204202850.0,1208757105.0,0,0,1.8359999999999999
982,5,9,3,2017,1279914127.0,1282824817.0,0,0,1.8359999999999999
983,6,10,3,2017,1230228807.0,1244774232.0,0,0,1.8359999999999999
984,7,10,3,2017,0.0,0.0,0,0,1.8359999999999999
985,1,11,3,2017,0.0,0.0,0,0,1.8359999999999999
986,2,13,3,2017,843013683.0,844402738.0,0,0,1.8359999999999999
987,3,14,3,2017,1199831839.0,1190230384.0,0,0,1.8359999999999999
988,4,15,3,2017,1220133881.0,1212308321.0,0,0,1.8359999999999999
989,5,16,3,2017,1413395914.0,1415992424.0,0,0,1.8359999999999999
990,6,17,3,2017,1738495310.0,1737650035.0,0,0,1.8359999999999999
991,7,17,3,2017,0.0,0.0,0,0,1.8359999999999999
992,1,18,3,2017,0.0,0.0,0,0,1.8359999999999999
993,2,20,3,2017,1148770968.0,1144949618.0,0,0,1.8359999999999999
994,3,21,3,2017,1089560418.0,1090383693.0,0,0,1.8359999999999999
995,4,22,3,2017,830329005.0,832691290.0,0,0,1.8359999999999999
996,5,23,3,2017,1342809242.0,1343991292.0,0,1,1.8359999999999999
997,6,23,3,2017,0.0,0.0,0,0,1.8359999999999999
998,7,24,3,2017,0.0,0.0,0,0,1.8359999999999999
999,1,25,3,2017,0.0,0.0,0,0,1.8359999999999999
1000,2,27,3,2017,1007329617.0,1002503367.0,1,0,1.8359999999999999
1001,3,28,3,2017,1053697118.0,1056217583.0,0,0,1.8359999999999999
1002,4,29,3,2017,1150808292.0,1143421842.0,0,0,1.8359999999999999
1003,5,30,3,2017,1167247856.0,1183080756.0,0,0,1.8359999999999999
1004,6,31,3,2017,1240567555.0,1235281240.0,0,0,1.8359999999999999
1005,7,31,3,2017,0.0,0.0,0,0,1.8359999999999999
1006,1,1,4,2017,0.0,0.0,0,0,1.983
1007,2,3,4,2017,1122828358.0,1120773573.0,0,0,1.983
1008,3,4,4,2017,1007315504.0,1003193434.0,0,0,1.983
1009,4,5,4,2017,1182221527.0,1185250272.0,0,0,1.983
1010,5,6,4,2017,43669698.0,44434498.0,0,0,1.983
1011,6,7,4,2017,1545058616.0,1543369866.0,0,0,1.983
1012,7,7,4,2017,0.0,0.0,0,0,1.983
1013,1,8,4,2017,0.0,0.0,0,0,1.983
1014,2,10,4,2017,1393026968.0,1381314368.0,0,0,1.983
1015,3,11,4,2017,1177572531.0,1192984436.0,0,0,1.983
1016,4,12,4,2017,1353784665.0,1340681400.0,0,2,1.983
1017,5,12,4,2017,0.0,0.0,0,0,1.983
1018,6,13,4,2017,0.0,0.0,0,0,1.983
1019,7,14,4,2017,0.0,0.0,0,0,1.983
1020,1,15,4,2017,0.0,0.0,0,0,1.983
1021,2,17,4,2017,1966527498.0,1968372968.0,2,0,1.983
1022,3,18,4,2017,1356050530.0,1361151485.0,0,0,1.983
1023,4,19,4,2017,928405713.0,921431913.0,0,0,1.983
1024,5,20,4,2017,1198351447.0,1209475837.0,0,0,1.983
1025,6,21,4,2017,1896500505.0,1903592000.0,0,0,1.983
1026,7,21,4,2017,0.0,0.0,0,0,1.983
1027,1,22,4,2017,0.0,0.0,0,0,1.983
1028,2,24,4,2017,1068966997.0,1057299422.0,0,0,1.983
1029,3,25,4,2017,1575591913.0,1559551053.0,0,0,1.983
1030,4,26,4,2017,1668596820.0,1678530720.0,0,0,1.983
1031,5,27,4,2017,1394263624.0,1393982524.0,0,0,1.983
1032,6,28,4,2017,1436450525.0,1444819425.0,0,1,1.983
1033,7,28,4,2017,0.0,0.0,0,0,1.983
1034,1,29,4,2017,0.0,0.0,0,0,1.983
1035,2,30,4,2017,0.0,0.0,0,0,1.983
1036,3,2,5,2017,1334359916.0,1340457076.0,1,0,1.656
1037,4,3,5,2017,1236813425.0,1235611825.0,0,0,1.656
1038,5,4,5,2017,1044245112.0,1027977687.0,0,0,1.656
1039,6,5,5,2017,1485074350.0,1492432425.0,0,0,1.656
1040,7,5,5,2017,0.0,0.0,0,0,1.656
1041,1,6,5,2017,0.0,0.0,0,0,1.656
1042,2,8,5,2017,1268667433.0,1278484883.0,0,0,1.656
1043,3,9,5,2017,1475857032.0,1462051032.0,0,0,1.656
1044,4,10,5,2017,1209560445.0,1216498090.0,0,0,1.656
1045,5,11,5,2017,1196475983.0,1186099608.0,0,0,1.656
