,DATE,CASHD,ATMD,HOLIDAY
0,2015-03-01,0,0,1
1,2015-03-02,-8515598,3289210,0
2,2015-03-03,286458,2511010,0
3,2015-03-04,-1867297,2865960,0
4,2015-03-05,841196,2678570,0
5,2015-03-06,-2098586,4851290,0
6,2015-03-07,0,0,1
7,2015-03-08,0,0,1
8,2015-03-09,-6790235,2338590,0
9,2015-03-10,-4440856,2037280,0
10,2015-03-11,-359945,1676770,0
11,2015-03-12,-2980717,1704740,0
12,2015-03-13,-1784661,2849200,0
13,2015-03-14,0,0,1
14,2015-03-15,0,0,1
15,2015-03-16,-7923216,1383840,0
16,2015-03-17,-839286,1340730,0
17,2015-03-18,-471691,0,0
18,2015-03-19,0,0,1
19,2015-03-20,-5317726,4805120,0
20,2015-03-21,0,0,1
21,2015-03-22,0,0,1
22,2015-03-23,0,0,1
23,2015-03-24,0,0,1
24,2015-03-25,-14358043,1194980,0
25,2015-03-26,-3279170,1087750,0
26,2015-03-27,-1706984,2225080,0
27,2015-03-28,0,0,1
28,2015-03-29,0,0,1
29,2015-03-30,-5747211,11370000,0
30,2015-03-31,0,0,1
31,2015-04-01,8817204,9474520,0
32,2015-04-02,0,0,1
33,2015-04-03,0,0,1
34,2015-04-04,0,0,1
35,2015-04-05,0,0,1
36,2015-04-06,-13770584,3006640,0
37,2015-04-07,-2412562,3528290,0
38,2015-04-08,-509603,3197100,0
39,2015-04-09,-1146250,3123070,0
40,2015-04-10,-2139453,4905880,0
41,2015-04-11,0,0,1
42,2015-04-12,0,0,1
43,2015-04-13,-21027150,1469570,0
44,2015-04-14,-4138958,1965550,0
45,2015-04-15,-260524,1846660,0
46,2015-04-16,-518061,1670150,0
47,2015-04-17,-6637656,2336610,0
48,2015-04-18,0,0,1
49,2015-04-19,0,0,1
50,2015-04-20,-7801466,1716630,0
51,2015-04-21,-1848257,1544720,0
52,2015-04-22,1692511,1198380,0
53,2015-04-23,-1838517,1334510,0
54,2015-04-24,-1594157,2025640,0
55,2015-04-25,0,0,1
56,2015-04-26,0,0,1
57,2015-04-27,-4688521,1063690,0
58,2015-04-28,-1342227,2118610,0
59,2015-04-29,6287967,4838000,0
60,2015-04-30,2118426,12930000,0
61,2015-05-01,0,0,1
62,2015-05-02,0,0,1
63,2015-05-03,0,0,1
64,2015-05-04,-2858852,3125490,0
65,2015-05-05,-1172204,3183950,0
66,2015-05-06,536016,2982230,0
67,2015-05-07,483210,3102680,0
68,2015-05-08,-2557269,5055020,0
69,2015-05-09,0,0,1
70,2015-05-10,0,0,1
71,2015-05-11,-10032666,2185540,0
72,2015-05-12,-4819043,2049130,0
73,2015-05-13,-1327493,1908100,0
74,2015-05-14,-1306062,1731250,0
75,2015-05-15,-2273502,3072780,0
76,2015-05-16,0,0,1
77,2015-05-17,0,0,1
78,2015-05-18,-9409797,1477330,0
79,2015-05-19,-2164426,1715260,0
80,2015-05-20,-783004,1985730,0
81,2015-05-21,1507758,1829860,0
82,2015-05-22,-2213248,3394980,0
83,2015-05-23,0,0,1
84,2015-05-24,0,0,1
85,2015-05-25,0,0,1
86,2015-05-26,-10455210,0,0
87,2015-05-27,0,0,1
88,2015-05-28,-697104,2349750,0
89,2015-05-29,-1559022,11858540,0
90,2015-05-30,0,0,1
91,2015-05-31,0,0,1
92,2015-06-01,-7682995,3706250,0
93,2015-06-02,3018853,3535790,0
94,2015-06-03,1722255,3086130,0
95,2015-06-04,2133508,3385440,0
96,2015-06-05,-3973456,6739130,0
97,2015-06-06,0,0,1
98,2015-06-07,0,0,1
99,2015-06-08,-10809728,2364640,0
100,2015-06-09,1716133,1101000,0
101,2015-06-10,-3109298,3849180,0
102,2015-06-11,-2659742,2097170,0
103,2015-06-12,-6284803,3329480,0
104,2015-06-13,0,0,1
105,2015-06-14,0,0,1
106,2015-06-15,-9389375,1825520,0
107,2015-06-16,-1393548,4831080,0
108,2015-06-17,-426028,4155370,0
109,2015-06-18,3335363,4188180,0
110,2015-06-19,-3125382,7556440,0
111,2015-06-20,0,0,1
112,2015-06-21,0,0,1
113,2015-06-22,-10425382,2173060,0
114,2015-06-23,-3197807,1863940,0
115,2015-06-24,-4258656,2343610,0
116,2015-06-25,-2484545,2271300,0
117,2015-06-26,1872034,3973580,0
118,2015-06-27,0,0,1
119,2015-06-28,0,0,1
120,2015-06-29,-9535024,4794900,0
121,2015-06-30,1202063,6270000,0
122,2015-07-01,5202601,5103090,0
123,2015-07-02,-1126206,3817880,0
124,2015-07-03,-5652611,10254170,0
125,2015-07-04,0,0,1
126,2015-07-05,0,0,1
127,2015-07-06,-5334452,4667080,0
128,2015-07-07,-4259899,4416960,0
129,2015-07-08,-104959,9983800,0
130,2015-07-09,0,0,1
131,2015-07-10,-3637686,8399040,0
132,2015-07-11,0,0,1
133,2015-07-12,0,0,1
134,2015-07-13,-6617162,2225120,0
135,2015-07-14,-5608062,2310700,0
136,2015-07-15,-808787,0,0
137,2015-07-16,11723,2009430,0
138,2015-07-17,-1997935,3485340,0
139,2015-07-18,0,0,1
140,2015-07-19,0,0,1
141,2015-07-20,-13559293,1728830,0
142,2015-07-21,-5191136,1942020,0
143,2015-07-22,-2941103,1558730,0
144,2015-07-23,601206,1409800,0
145,2015-07-24,-4361310,2932520,0
146,2015-07-25,0,0,1
147,2015-07-26,0,0,1
148,2015-07-27,-6250613,1360090,0
149,2015-07-28,-3750338,1450800,0
150,2015-07-29,-2558875,1198860,0
151,2015-07-30,-202970,5224510,0
152,2015-07-31,6250209,11279410,0
153,2015-08-01,0,0,1
154,2015-08-02,0,0,1
155,2015-08-03,-9876125,3820750,0
156,2015-08-04,150777,3239290,0
157,2015-08-05,-945237,2690940,0
158,2015-08-06,-5518126,3097350,0
159,2015-08-07,324733,5585630,0
160,2015-08-08,0,0,1
161,2015-08-09,0,0,1
162,2015-08-10,-2285036,2518240,0
163,2015-08-11,-154326,2206300,0
164,2015-08-12,-476320,1901970,0
165,2015-08-13,-601359,2113350,0
166,2015-08-14,-1097294,3775450,0
167,2015-08-15,0,0,1
168,2015-08-16,0,0,1
169,2015-08-17,0,0,1
170,2015-08-18,-640262,1507970,0
171,2015-08-19,-1113082,1467810,0
172,2015-08-20,528567,1651270,0
173,2015-08-21,856214,3630450,0
174,2015-08-22,0,0,1
175,2015-08-23,0,0,1
176,2015-08-24,753187,1293120,0
177,2015-08-25,1428397,1296520,0
178,2015-08-26,-856004,1164180,0
179,2015-08-27,-2099389,1630300,0
180,2015-08-28,-1617641,12176530,0
181,2015-08-29,0,0,1
182,2015-08-30,0,0,1
183,2015-08-31,-1037687,4083930,0
184,2015-09-01,174328,3427780,0
185,2015-09-02,3157730,2862660,0
186,2015-09-03,1208018,3142660,0
187,2015-09-04,3670637,5706540,0
188,2015-09-05,0,0,1
189,2015-09-06,0,0,1
190,2015-09-07,-11419942,2436940,0
191,2015-09-08,-4578774,2829730,0
192,2015-09-09,-2448199,2942570,0
193,2015-09-10,-2517556,2952820,0
194,2015-09-11,-3968276,3830730,0
195,2015-09-12,0,0,1
196,2015-09-13,0,0,1
197,2015-09-14,-9677386,1820790,0
198,2015-09-15,-4888246,1705170,0
199,2015-09-16,-624461,1638720,0
200,2015-09-17,-263632,1785530,0
201,2015-09-18,-1619674,3697270,0
202,2015-09-19,0,0,1
203,2015-09-20,0,0,1
204,2015-09-21,-10116943,1590310,0
205,2015-09-22,-2625871,1463890,0
206,2015-09-23,-4409442,960110,0
207,2015-09-24,-839692,1400790,0
208,2015-09-25,-2166779,2364610,0
209,2015-09-26,0,0,1
210,2015-09-27,0,0,1
211,2015-09-28,-5091650,1294320,0
212,2015-09-29,-1615819,4745890,0
213,2015-09-30,3635981,6491970,0
214,2015-10-01,1182354,6036490,0
215,2015-10-02,-1070631,7756550,0
216,2015-10-03,0,0,1
217,2015-10-04,0,0,1
218,2015-10-05,-10572343,3439470,0
219,2015-10-06,-1989704,3219000,0
220,2015-10-07,-3300357,2721550,0
221,2015-10-08,-1982898,2899750,0
222,2015-10-09,-13664200,5666300,0
223,2015-10-10,0,0,1
224,2015-10-11,0,0,1
225,2015-10-12,0,0,1
226,2015-10-13,-27347275,1975450,0
227,2015-10-14,-6339888,1948100,0
228,2015-10-15,4396279,2191450,0
229,2015-10-16,-4587690,4180900,0
230,2015-10-17,0,0,1
231,2015-10-18,0,0,1
232,2015-10-19,-17956024,1652800,0
233,2015-10-20,-5580514,1597700,0
234,2015-10-21,-888679,1481250,0
235,2015-10-22,-1652926,1661850,0
236,2015-10-23,-3188913,2623450,0
237,2015-10-24,0,0,1
238,2015-10-25,0,0,1
239,2015-10-26,-7980116,1293750,0
240,2015-10-27,-1960769,1177250,0
241,2015-10-28,-1484332,1536100,0
242,2015-10-29,-1353190,1396900,0
243,2015-10-30,-1802957,13485150,0
244,2015-10-31,0,0,1
245,2015-11-01,0,0,1
246,2015-11-02,0,0,1
247,2015-11-03,-1815501,3137950,0
248,2015-11-04,-556598,3134800,0
249,2015-11-05,-3081252,11239000,0
250,2015-11-06,0,0,1
251,2015-11-07,0,0,1
252,2015-11-08,0,0,1
253,2015-11-09,-19878585,2965650,0
254,2015-11-10,-6359234,2263000,0
255,2015-11-11,-2113287,2381450,0
256,2015-11-12,-1803467,2241950,0
257,2015-11-13,-5321705,3424200,0
258,2015-11-14,0,0,1
259,2015-11-15,0,0,1
260,2015-11-16,-13157147,1631900,0
261,2015-11-17,-5026877,1800000,0
262,2015-11-18,-766330,1714300,0
263,2015-11-19,-3659284,1583450,0
264,2015-11-20,-4578896,3253150,0
265,2015-11-21,0,0,1
266,2015-11-22,0,0,1
267,2015-11-23,-12906745,1355250,0
268,2015-11-24,-3183016,1273500,0
269,2015-11-25,-1222699,1520050,0
270,2015-11-26,-2479995,14714350,0
271,2015-11-27,0,0,1
272,2015-11-28,0,0,1
273,2015-11-29,0,0,1
274,2015-11-30,-9907490,4418050,0
275,2015-12-01,-3896287,4064550,0
276,2015-12-02,-1616339,3880150,0
277,2015-12-03,2200055,4086200,0
278,2015-12-04,-9315035,11433750,0
279,2015-12-05,0,0,1
280,2015-12-06,0,0,1
281,2015-12-07,0,0,1
282,2015-12-08,0,0,1
283,2015-12-09,-23958098,3317850,0
284,2015-12-10,-7973223,3225400,0
285,2015-12-11,-1952787,4472800,0
286,2015-12-12,0,0,1
287,2015-12-13,0,0,1
288,2015-12-14,-13949092,1713500,0
289,2015-12-15,-8447381,2201600,0
290,2015-12-16,-3741420,1959800,0
291,2015-12-17,-2543534,2325400,0
292,2015-12-18,-5419327,5093750,0
293,2015-12-19,0,0,1
294,2015-12-20,0,0,1
295,2015-12-21,-13313769,5410350,0
296,2015-12-22,-1679764,6271850,0
297,2015-12-23,-7509746,3587000,0
298,2015-12-24,-9220140,0,0
299,2015-12-25,0,0,1
300,2015-12-26,0,0,1
301,2015-12-27,0,0,1
302,2015-12-28,-19426116,2316950,0
303,2015-12-29,-10754683,2319850,0
304,2015-12-30,-7395030,4141600,0
305,2015-12-31,-4231402,0,0
306,2016-01-01,0,0,1
307,2016-01-02,0,0,1
308,2016-01-03,0,0,1
309,2016-01-04,-17485840,3917250,0
310,2016-01-05,-11460621,4181900,0
311,2016-01-06,-7561084,3355950,0
312,2016-01-07,-9237226,3409800,0
313,2016-01-08,-10147809,6460950,0
314,2016-01-09,0,0,1
315,2016-01-10,0,0,1
316,2016-01-11,-19490661,2399200,0
317,2016-01-12,-11916089,2351950,0
318,2016-01-13,-9556319,1998800,0
319,2016-01-14,-4205198,2196750,0
320,2016-01-15,-4320998,3475000,0
321,2016-01-16,0,0,1
322,2016-01-17,0,0,1
323,2016-01-18,-16942328,1613900,0
324,2016-01-19,-12554363,1550450,0
325,2016-01-20,-7727585,1494800,0
326,2016-01-21,-9226923,1447700,0
327,2016-01-22,-11111274,2692000,0
328,2016-01-23,0,0,1
329,2016-01-24,0,0,1
330,2016-01-25,-11080831,989100,0
331,2016-01-26,-8633115,1448600,0
332,2016-01-27,-5938801,1443600,0
333,2016-01-28,-7525087,2300050,0
334,2016-01-29,-5068875,12413350,0
335,2016-01-30,0,0,1
336,2016-01-31,0,0,1
337,2016-02-01,-11195828,4296100,0
338,2016-02-02,-5597552,3624450,0
339,2016-02-03,-7647255,3401100,0
340,2016-02-04,-2826387,3542600,0
341,2016-02-05,-5646245,10038800,0
342,2016-02-06,0,0,1
343,2016-02-07,0,0,1
344,2016-02-08,0,0,1
345,2016-02-09,0,0,1
346,2016-02-10,-23430059,2936000,0
347,2016-02-11,-9396619,2636450,0
348,2016-02-12,-6056569,4491200,0
349,2016-02-13,0,0,1
350,2016-02-14,0,0,1
351,2016-02-15,-15713879,1866400,0
352,2016-02-16,-8796219,1834900,0
353,2016-02-17,-2205943,1988850,0
354,2016-02-18,-2817554,1845900,0
355,2016-02-19,-9354598,3388950,0
356,2016-02-20,0,0,1
357,2016-02-21,0,0,1
358,2016-02-22,-10937412,1525800,0
359,2016-02-23,-7143192,1632250,0
360,2016-02-24,-3090407,1665850,0
361,2016-02-25,-3344614,1671750,0
362,2016-02-26,-5167991,14105350,0
363,2016-02-27,0,0,1
364,2016-02-28,0,0,1
365,2016-02-29,-8808708,4539800,0
366,2016-03-01,-3426760,3291200,0
367,2016-03-02,-4660386,3078350,0
368,2016-03-03,-4592894,3938900,0
369,2016-03-04,-6710462,7081600,0
370,2016-03-05,0,0,1
371,2016-03-06,0,0,1
372,2016-03-07,-13542100,3319300,0
373,2016-03-08,-9322120,2682650,0
374,2016-03-09,-2655985,3286550,0
375,2016-03-10,-6962693,3113500,0
376,2016-03-11,-6793462,4547050,0
377,2016-03-12,0,0,1
378,2016-03-13,0,0,1
379,2016-03-14,-12678511,2277650,0
380,2016-03-15,-5590585,1889300,0
381,2016-03-16,-4813771,2193000,0
382,2016-03-17,-4988226,2069600,0
383,2016-03-18,-6566313,3518400,0
384,2016-03-19,0,0,1
385,2016-03-20,0,0,1
386,2016-03-21,-16975821,2363000,0
387,2016-03-22,-5947926,2430600,0
388,2016-03-23,-6659895,3845250,0
389,2016-03-24,0,0,1
390,2016-03-25,0,0,1
391,2016-03-26,0,0,1
392,2016-03-27,0,0,1
393,2016-03-28,-18463815,1448850,0
394,2016-03-29,-4514923,1356200,0
395,2016-03-30,-4392972,5538350,0
396,2016-03-31,3528964,6521350,0
397,2016-04-01,-3548401,11822400,0
398,2016-04-02,0,0,1
399,2016-04-03,0,0,1
400,2016-04-04,-15932959,4270000,0
401,2016-04-05,-6815982,3660100,0
402,2016-04-06,-1268902,3668900,0
403,2016-04-07,-7070906,3524700,0
404,2016-04-08,-10607565,6541900,0
405,2016-04-09,0,0,1
406,2016-04-10,0,0,1
407,2016-04-11,-19889739,2669850,0
408,2016-04-12,-8183791,2304650,0
409,2016-04-13,-5830849,0,0
410,2016-04-14,0,0,1
411,2016-04-15,-7773017,4075150,0
412,2016-04-16,0,0,1
413,2016-04-17,0,0,1
414,2016-04-18,-16627162,2105750,0
415,2016-04-19,-7394350,2767100,0
416,2016-04-20,-3601368,0,0
417,2016-04-21,0,0,1
418,2016-04-22,-23112323,3045750,0
419,2016-04-23,0,0,1
420,2016-04-24,0,0,1
421,2016-04-25,-15689824,1442500,0
422,2016-04-26,-4742145,1437450,0
423,2016-04-27,-2560447,1503450,0
424,2016-04-28,-1918795,1721950,0
425,2016-04-29,737896,15530650,0
426,2016-04-30,0,0,1
427,2016-05-01,0,0,1
428,2016-05-02,-8630250,5888650,0
429,2016-05-03,-509848,5241550,0
430,2016-05-04,-5751380,4434500,0
431,2016-05-05,-1024318,4718700,0
432,2016-05-06,-11022807,8881200,0
433,2016-05-07,0,0,1
434,2016-05-08,0,0,1
435,2016-05-09,-16666029,3315750,0
436,2016-05-10,-7627504,3367850,0
437,2016-05-11,-7238181,2502050,0
438,2016-05-12,-6108488,2934650,0
439,2016-05-13,-8986735,4287000,0
440,2016-05-14,0,0,1
441,2016-05-15,0,0,1
442,2016-05-16,-12761168,2024850,0
443,2016-05-17,-5509020,2220450,0
444,2016-05-18,-5240106,2430500,0
445,2016-05-19,-5706598,2906300,0
446,2016-05-20,-5136609,4102800,0
447,2016-05-21,0,0,1
448,2016-05-22,0,0,1
449,2016-05-23,-10874859,2038650,0
450,2016-05-24,-6159019,2260650,0
451,2016-05-25,0,0,1
452,2016-05-26,-3524467,1692150,0
453,2016-05-27,-13389241,3685950,0
454,2016-05-28,0,0,1
455,2016-05-29,0,0,1
456,2016-05-30,-12443886,5310100,0
457,2016-05-31,1302796,7844300,0
458,2016-06-01,-4058010,6221500,0
459,2016-06-02,-868541,5276100,0
460,2016-06-03,-6786209,8800050,0
461,2016-06-04,0,0,1
462,2016-06-05,0,0,1
463,2016-06-06,-21133303,3151300,0
464,2016-06-07,-3966221,3513200,0
465,2016-06-08,-11881533,3494150,0
466,2016-06-09,-6166242,4065100,0
467,2016-06-10,-12730463,5971800,0
468,2016-06-11,0,0,1
469,2016-06-12,0,0,1
470,2016-06-13,-18979977,3021550,0
471,2016-06-14,-10717260,2716800,0
472,2016-06-15,-3812113,2758100,0
473,2016-06-16,-4098024,6517700,0
474,2016-06-17,0,0,1
475,2016-06-18,0,0,1
476,2016-06-19,0,0,1
477,2016-06-20,0,0,1
478,2016-06-21,-27069013,5111600,0
479,2016-06-22,-1379926,6056200,0
480,2016-06-23,-3982875,5652650,0
481,2016-06-24,-11767415,7484850,0
482,2016-06-25,0,0,1
483,2016-06-26,0,0,1
484,2016-06-27,-15713027,2627600,0
485,2016-06-28,-6490639,2599950,0
486,2016-06-29,-3026373,6000900,0
487,2016-06-30,3012029,7242800,0
488,2016-07-01,-5734564,12889550,0
489,2016-07-02,0,0,1
490,2016-07-03,0,0,1
491,2016-07-04,-16650210,4981550,0
492,2016-07-05,-5463178,4360800,0
493,2016-07-06,-5111463,5217900,0
494,2016-07-07,-14316874,11045400,0
495,2016-07-08,0,0,1
496,2016-07-09,0,0,1
497,2016-07-10,0,0,1
498,2016-07-11,-20316726,3272400,0
499,2016-07-12,-11832202,2929750,0
500,2016-07-13,-6833781,2642000,0
501,2016-07-14,-7739541,2829900,0
502,2016-07-15,-9897273,4559900,0
503,2016-07-16,0,0,1
504,2016-07-17,0,0,1
505,2016-07-18,-17292393,2307200,0
506,2016-07-19,-8258769,2412950,0
507,2016-07-20,-6787468,2276600,0
508,2016-07-21,-8067718,2732100,0
509,2016-07-22,-3504146,4879300,0
510,2016-07-23,0,0,1
511,2016-07-24,0,0,1
512,2016-07-25,-6521904,1698200,0
513,2016-07-26,-1882151,1729800,0
514,2016-07-27,-4131520,1764700,0
515,2016-07-28,-5903268,2428850,0
516,2016-07-29,-359688,15492350,0
517,2016-07-30,0,0,1
518,2016-07-31,0,0,1
519,2016-08-01,-1633608,5801000,0
520,2016-08-02,-5273131,4549000,0
521,2016-08-03,-4776401,4237500,0
522,2016-08-04,-5587797,4727000,0
523,2016-08-05,-4727767,7578200,0
524,2016-08-06,0,0,1
525,2016-08-07,0,0,1
526,2016-08-08,-10718161,3742750,0
527,2016-08-09,-9412429,3765500,0
528,2016-08-10,-6526117,3116550,0
529,2016-08-11,-8895757,2699400,0
530,2016-08-12,-4905448,4928550,0
531,2016-08-13,0,0,1
532,2016-08-14,0,0,1
533,2016-08-15,0,0,1
534,2016-08-16,-9329670,1851500,0
535,2016-08-17,-12844570,2218250,0
536,2016-08-18,-6797018,2202850,0
537,2016-08-19,-9255256,4811850,0
538,2016-08-20,0,0,1
539,2016-08-21,0,0,1
540,2016-08-22,-12040862,2215350,0
541,2016-08-23,-6569231,1712650,0
542,2016-08-24,-5318773,1902600,0
543,2016-08-25,-8854372,1803600,0
544,2016-08-26,-3974044,2546150,0
545,2016-08-27,0,0,1
546,2016-08-28,0,0,1
547,2016-08-29,-3805376,1664600,0
548,2016-08-30,-2920389,5356600,0
549,2016-08-31,2949960,6582150,0
550,2016-09-01,2477251,5702950,0
551,2016-09-02,-186458,9164950,0
552,2016-09-03,0,0,1
553,2016-09-04,0,0,1
554,2016-09-05,-6195224,4111350,0
555,2016-09-06,-1343637,4177650,0
556,2016-09-07,-6018675,4134350,0
557,2016-09-08,-3779301,3534100,0
558,2016-09-09,-3663961,7178450,0
559,2016-09-10,0,0,1
560,2016-09-11,0,0,1
561,2016-09-12,-12122299,2510900,0
562,2016-09-13,-5475363,2687900,0
563,2016-09-14,-3644559,2529600,0
564,2016-09-15,-5534813,2906150,0
565,2016-09-16,-3867722,4438300,0
566,2016-09-17,0,0,1
567,2016-09-18,0,0,1
568,2016-09-19,-8751607,2274200,0
569,2016-09-20,-5028829,2577400,0
570,2016-09-21,-2134269,1991550,0
571,2016-09-22,-4995447,2163450,0
572,2016-09-23,526874,3153750,0
573,2016-09-24,0,0,1
574,2016-09-25,0,0,1
575,2016-09-26,-9169474,1725150,0
576,2016-09-27,-4054091,1607350,0
577,2016-09-28,-6163969,5305300,0
578,2016-09-29,21392216,7370800,0
579,2016-09-30,-70916,0,0
580,2016-10-01,0,0,1
581,2016-10-02,0,0,1
582,2016-10-03,-709137,4628500,0
583,2016-10-04,-3642491,4180900,0
584,2016-10-05,-5153741,4064700,0
585,2016-10-06,-3177406,4558200,0
586,2016-10-07,-1711880,9084000,0
587,2016-10-08,0,0,1
588,2016-10-09,0,0,1
589,2016-10-10,0,0,1
590,2016-10-11,-10448797,2843200,0
591,2016-10-12,-9847899,2557500,0
592,2016-10-13,-4607878,2991800,0
593,2016-10-14,-4155937,4425900,0
594,2016-10-15,0,0,1
595,2016-10-16,0,0,1
596,2016-10-17,-8811679,1684900,0
597,2016-10-18,-4148028,2052700,0
598,2016-10-19,-3953461,2437600,0
599,2016-10-20,-2734995,2776700,0
600,2016-10-21,-4578542,4122900,0
601,2016-10-22,0,0,1
602,2016-10-23,0,0,1
603,2016-10-24,-5353746,1383700,0
604,2016-10-25,-5144492,1909700,0
605,2016-10-26,-1216089,2234200,0
606,2016-10-27,610644,6245100,0
607,2016-10-28,0,0,1
608,2016-10-29,0,0,1
609,2016-10-30,0,0,1
610,2016-10-31,-4285360,4597400,0
611,2016-11-01,-268681,3985300,0
612,2016-11-02,-2297571,4440700,0
613,2016-11-03,-767363,3986000,0
614,2016-11-04,-238349,6780600,0
615,2016-11-05,0,0,1
616,2016-11-06,0,0,1
617,2016-11-07,-7344226,3378100,0
618,2016-11-08,-4556648,2947100,0
619,2016-11-09,-6824908,3293000,0
620,2016-11-10,-3079268,2956500,0
621,2016-11-11,-2735218,4434800,0
622,2016-11-12,0,0,1
623,2016-11-13,0,0,1
624,2016-11-14,-7482759,2204300,0
625,2016-11-15,-5794244,2032900,0
626,2016-11-16,-6347989,2388500,0
627,2016-11-17,-1450401,2897300,0
628,2016-11-18,-1772988,4288900,0
629,2016-11-19,0,0,1
630,2016-11-20,0,0,1
631,2016-11-21,-5170566,1945200,0
632,2016-11-22,-3446092,1938000,0
633,2016-11-23,-2306521,1863100,0
634,2016-11-24,-2878733,1805200,0
635,2016-11-25,100569,3657800,0
636,2016-11-26,0,0,1
637,2016-11-27,0,0,1
638,2016-11-28,0,0,1
639,2016-11-29,-6432941,6109200,0
640,2016-11-30,3543942,7602800,0
641,2016-12-01,1341616,6492600,0
642,2016-12-02,-518728,10986100,0
643,2016-12-03,0,0,1
644,2016-12-04,0,0,1
645,2016-12-05,-10002166,5008100,0
646,2016-12-06,-3737710,5332600,0
647,2016-12-07,-1739227,12063600,0
648,2016-12-08,0,0,1
649,2016-12-09,0,0,1
650,2016-12-10,0,0,1
651,2016-12-11,0,0,1
652,2016-12-12,-21485995,4214900,0
653,2016-12-13,-7257464,3593400,0
654,2016-12-14,-4189391,7520900,0
655,2016-12-15,-2925576,6974500,0
656,2016-12-16,-2236031,10631500,0
657,2016-12-17,0,0,1
658,2016-12-18,0,0,1
659,2016-12-19,-7112334,4232900,0
660,2016-12-20,-663350,3850400,0
661,2016-12-21,-2355109,5724900,0
662,2016-12-22,-2347737,4670700,0
663,2016-12-23,-474026,5100800,0
664,2016-12-24,0,0,1
665,2016-12-25,0,0,1
666,2016-12-26,-5855992,2268200,0
667,2016-12-27,-1599872,2248000,0
668,2016-12-28,-7818607,5832400,0
669,2016-12-29,4788169,6080200,0
670,2016-12-30,-574425,0,0
671,2016-12-31,0,0,1
672,2017-01-01,0,0,1
673,2017-01-02,-7675717,3516500,0
674,2017-01-03,-4542032,3749600,0
675,2017-01-04,-2391217,4083300,0
676,2017-01-05,-4342171,4943100,0
677,2017-01-06,-10189400,8289400,0
678,2017-01-07,0,0,1
679,2017-01-08,0,0,1
680,2017-01-09,-10071780,3584800,0
681,2017-01-10,-9434786,3636400,0
682,2017-01-11,-6168323,2915800,0
683,2017-01-12,-5417181,2867000,0
684,2017-01-13,-6314156,4212500,0
685,2017-01-14,0,0,1
686,2017-01-15,0,0,1
687,2017-01-16,-12502041,2341300,0
688,2017-01-17,-5865466,2231900,0
689,2017-01-18,-5293363,2218400,0
690,2017-01-19,-4316879,2191400,0
691,2017-01-20,-5695610,3546700,0
692,2017-01-21,0,0,1
693,2017-01-22,0,0,1
694,2017-01-23,-10602580,2373200,0
695,2017-01-24,-4671719,2242500,0
696,2017-01-25,-4702068,2003200,0
697,2017-01-26,-5741498,2094500,0
698,2017-01-27,-2069605,3940000,0
699,2017-01-28,0,0,1
700,2017-01-29,0,0,1
701,2017-01-30,-8035313,5418100,0
702,2017-01-31,1780798,7453300,0
703,2017-02-01,-885457,5877000,0
704,2017-02-02,-2149622,5125900,0
705,2017-02-03,-4330550,8108100,0
706,2017-02-04,0,0,1
707,2017-02-05,0,0,1
708,2017-02-06,-15627944,4118200,0
709,2017-02-07,-7553824,4105200,0
710,2017-02-08,-11253080,3873800,0
711,2017-02-09,-4807923,3759900,0
712,2017-02-10,-4831912,5720600,0
713,2017-02-11,0,0,1
714,2017-02-12,0,0,1
715,2017-02-13,-15369166,2676500,0
716,2017-02-14,-4788236,2974000,0
717,2017-02-15,-3456836,2901400,0
718,2017-02-16,-3471717,2607000,0
719,2017-02-17,-6250163,3890300,0
720,2017-02-18,0,0,1
721,2017-02-19,0,0,1
722,2017-02-20,-10888443,1963900,0
723,2017-02-21,-6693683,2783600,0
724,2017-02-22,-2915705,2638000,0
725,2017-02-23,-1394394,2683300,0
726,2017-02-24,-2491905,21206300,0
727,2017-02-25,0,0,1
728,2017-02-26,0,0,1
729,2017-02-27,0,0,1
730,2017-02-28,0,0,1
731,2017-03-01,-4112169,6593800,0
732,2017-03-02,-2181579,6551200,0
733,2017-03-03,-2062626,10279200,0
734,2017-03-04,0,0,1
735,2017-03-05,0,0,1
736,2017-03-06,-8038557,4923300,0
737,2017-03-07,-6364359,4761500,0
738,2017-03-08,-9203315,3949200,0
739,2017-03-09,-5061129,3731500,0
740,2017-03-10,-5278961,6336200,0
741,2017-03-11,0,0,1
742,2017-03-12,0,0,1
743,2017-03-13,-11886172,3012800,0
744,2017-03-14,-8055063,2532200,0
745,2017-03-15,-4411848,2637600,0
746,2017-03-16,-3164909,2901500,0
747,2017-03-17,-1309812,4406400,0
748,2017-03-18,0,0,1
749,2017-03-19,0,0,1
750,2017-03-20,-9028017,3095300,0
751,2017-03-21,-1563293,3157100,0
752,2017-03-22,-2823656,2502000,0
753,2017-03-23,-5908986,5084400,0
754,2017-03-24,0,0,1
755,2017-03-25,0,0,1
756,2017-03-26,0,0,1
757,2017-03-27,-6552090,2072800,0
758,2017-03-28,-4171517,1932800,0
759,2017-03-29,-2748089,1675200,0
760,2017-03-30,-1843153,6625800,0
761,2017-03-31,5715528,0,0
762,2017-04-01,0,0,1
763,2017-04-02,0,0,1
764,2017-04-03,-6651900,6410000,0
765,2017-04-04,-80955,4488900,0
766,2017-04-05,-9125167,0,0
767,2017-04-06,-69428,10404600,0
768,2017-04-07,-6985823,9919200,0
769,2017-04-08,0,0,1
770,2017-04-09,0,0,1
771,2017-04-10,-11241902,5025100,0
772,2017-04-11,-3033559,3930000,0
773,2017-04-12,-7417410,7192100,0
774,2017-04-13,0,0,1
775,2017-04-14,0,0,1
776,2017-04-15,0,0,1
777,2017-04-16,0,0,1
778,2017-04-17,-14736983,3054700,0
779,2017-04-18,-7626463,2375100,0
780,2017-04-19,-4717405,1959500,0
781,2017-04-20,-4575341,2231700,0
782,2017-04-21,-4707085,5459800,0
783,2017-04-22,0,0,1
784,2017-04-23,0,0,1
785,2017-04-24,-8703366,1545800,0
786,2017-04-25,-1349413,2098900,0
787,2017-04-26,-4042390,2548500,0
788,2017-04-27,-650376,2569300,0
789,2017-04-28,679559,22691400,0
790,2017-04-29,0,0,1
791,2017-04-30,0,0,1
792,2017-05-01,0,0,1
793,2017-05-02,1582320,6482400,0
794,2017-05-03,-10335883,5346400,0
795,2017-05-04,-3435855,6093600,0
796,2017-05-05,-2185270,11879100,0
797,2017-05-06,0,0,1
798,2017-05-07,0,0,1
799,2017-05-08,-9319153,4554100,0
800,2017-05-09,-5476062,5132000,0
801,2017-05-10,-9351128,3755400,0
802,2017-05-11,-4529379,3454400,0
803,2017-05-12,-3249558,5177600,0
804,2017-05-13,0,0,1
805,2017-05-14,0,0,1
806,2017-05-15,-12608129,3098000,0
807,2017-05-16,-7206039,2540300,0
808,2017-05-17,-2115127,2432200,0
809,2017-05-18,-1271642,2415500,0
810,2017-05-19,-3790350,5218100,0
811,2017-05-20,0,0,1
812,2017-05-21,0,0,1
813,2017-05-22,-10442431,2191200,0
814,2017-05-23,-5279796,2586100,0
815,2017-05-24,-1442484,3434900,0
816,2017-05-25,0,0,1
817,2017-05-26,-3723238,3893200,0
818,2017-05-27,0,0,1
819,2017-05-28,0,0,1
820,2017-05-29,-5378345,1943600,0
821,2017-05-30,-1001238,6010300,0
822,2017-05-31,4702411,8935300,0
823,2017-06-01,1605112,8315200,0
824,2017-06-02,3003033,13419700,0
825,2017-06-03,0,0,1
826,2017-06-04,0,0,1
827,2017-06-05,-6664860,6034800,0
828,2017-06-06,-2447200,5832000,0
829,2017-06-07,-7238903,4052200,0
830,2017-06-08,-2952263,5951500,0
831,2017-06-09,-716538,8878600,0
832,2017-06-10,0,0,1
833,2017-06-11,0,0,1
834,2017-06-12,-13781982,3960500,0
835,2017-06-13,-8770615,3479900,0
836,2017-06-14,-7802962,3588200,0
837,2017-06-15,-3460339,3670200,0
838,2017-06-16,-2574024,5608300,0
839,2017-06-17,0,0,1
840,2017-06-18,0,0,1
841,2017-06-19,-7861135,3603000,0
842,2017-06-20,0,0,1
843,2017-06-21,-13120990,6299700,0
844,2017-06-22,2266664,8792400,0
845,2017-06-23,-1880922,12007200,0
846,2017-06-24,0,0,1
847,2017-06-25,0,0,1
848,2017-06-26,-5056422,3731200,0
849,2017-06-27,-4314629,3626600,0
850,2017-06-28,-3357391,3535900,0
851,2017-06-29,-1067729,7551200,0
852,2017-06-30,6070511,17843800,0
853,2017-07-01,0,0,1
854,2017-07-02,0,0,1
855,2017-07-03,-4041811,7083900,0
856,2017-07-04,-5222322,0,0
857,2017-07-05,-6586523,6092300,0
858,2017-07-06,-5529343,6543000,0
859,2017-07-07,-4788939,10387200,0
860,2017-07-08,0,0,1
861,2017-07-09,0,0,1
862,2017-07-10,-16066390,4736900,0
863,2017-07-11,-8643677,3868100,0
864,2017-07-12,-8132452,3348600,0
865,2017-07-13,-4841562,3486500,0
866,2017-07-14,-6244059,4887800,0
867,2017-07-15,0,0,1
868,2017-07-16,0,0,1
869,2017-07-17,-11745276,2599200,0
870,2017-07-18,-2406314,2764200,0
871,2017-07-19,-4983546,3226400,0
872,2017-07-20,-3485811,3623500,0
873,2017-07-21,-2390645,5052200,0
874,2017-07-22,0,0,1
875,2017-07-23,0,0,1
876,2017-07-24,-8466072,2492700,0
877,2017-07-25,-9709692,2464500,0
878,2017-07-26,-10941689,2407500,0
879,2017-07-27,-1757212,2692400,0
880,2017-07-28,-1112000,17491100,0
881,2017-07-29,0,0,1
882,2017-07-30,0,0,1
883,2017-07-31,-3655041,6607700,0
884,2017-08-01,-1865037,6056300,0
885,2017-08-02,-383575,4983600,0
886,2017-08-03,-1963652,5710700,0
887,2017-08-04,-3163646,10964500,0
888,2017-08-05,0,0,1
889,2017-08-06,0,0,1
890,2017-08-07,-8519202,5048000,0
891,2017-08-08,-3622842,4738200,0
892,2017-08-09,-7448249,4197200,0
893,2017-08-10,-3290969,3943500,0
894,2017-08-11,-6417810,5105100,0
895,2017-08-12,0,0,1
896,2017-08-13,0,0,1
897,2017-08-14,-10615409,3076800,0
898,2017-08-15,-5658532,2448400,0
899,2017-08-16,-7076020,2909000,0
900,2017-08-17,-3974440,2813300,0
901,2017-08-18,-3232242,6692000,0
902,2017-08-19,0,0,1
903,2017-08-20,0,0,1
904,2017-08-21,0,0,1
905,2017-08-22,-19791029,2466500,0
906,2017-08-23,-4043478,2105900,0
907,2017-08-24,-4243352,2435700,0
908,2017-08-25,3181915,3824700,0
909,2017-08-26,0,0,1
910,2017-08-27,0,0,1
911,2017-08-28,-3448894,2256100,0
912,2017-08-29,-4021833,2131000,0
913,2017-08-30,-1029568,6919400,0
914,2017-08-31,7455624,8381000,0
915,2017-09-01,4952243,15009800,0
916,2017-09-02,0,0,1
917,2017-09-03,0,0,1
918,2017-09-04,-4347969,5502100,0
919,2017-09-05,-6485698,5491000,0
920,2017-09-06,-6130756,5456600,0
921,2017-09-07,-2720303,6368700,0
922,2017-09-08,-7140122,9852200,0
923,2017-09-09,0,0,1
924,2017-09-10,0,0,1
925,2017-09-11,-13904708,4082400,0
926,2017-09-12,-6162176,3844600,0
927,2017-09-13,-3639775,3180100,0
928,2017-09-14,-6341998,3088200,0
929,2017-09-15,-1378095,5661800,0
930,2017-09-16,0,0,1
931,2017-09-17,0,0,1
932,2017-09-18,-8023305,2764500,0
933,2017-09-19,-3896846,2583100,0
934,2017-09-20,-5016344,2482100,0
935,2017-09-21,-1766021,3034200,0
936,2017-09-22,-612142,5617700,0
937,2017-09-23,0,0,1
938,2017-09-24,0,0,1
939,2017-09-25,-6832562,2403100,0
940,2017-09-26,-8399481,2308100,0
941,2017-09-27,-4472679,2158500,0
942,2017-09-28,-828128,2332400,0
943,2017-09-29,-73162,18362700,0
944,2017-09-30,0,0,1
945,2017-10-01,0,0,1
946,2017-10-02,2062677,7733000,0
947,2017-10-03,-615399,6657900,0
948,2017-10-04,-2094267,5823500,0
949,2017-10-05,-772807,5482100,0
950,2017-10-06,9615125,10448900,0
951,2017-10-07,0,0,1
952,2017-10-08,0,0,1
953,2017-10-09,-9520678,5098200,0
954,2017-10-10,-6258268,4509300,0
955,2017-10-11,-5323996,3996600,0
956,2017-10-12,-2212237,3578700,0
957,2017-10-13,-1822517,7686900,0
958,2017-10-14,0,0,1
959,2017-10-15,0,0,1
960,2017-10-16,0,0,1
961,2017-10-17,-14214626,2780100,0
962,2017-10-18,-6830086,2262000,0
963,2017-10-19,-713588,3577400,0
964,2017-10-20,-3018227,5387900,0
965,2017-10-21,0,0,1
966,2017-10-22,0,0,1
967,2017-10-23,-6942569,2514000,0
968,2017-10-24,-4664425,1792200,0
969,2017-10-25,-3072464,2083300,0
970,2017-10-26,-5585083,2452200,0
971,2017-10-27,812748,4349100,0
972,2017-10-28,0,0,1
973,2017-10-29,0,0,1
974,2017-10-30,-6151549,5838500,0
975,2017-10-31,6457020,8150500,0
976,2017-11-01,274023,7656600,0
977,2017-11-02,2106967,6634200,0
978,2017-11-03,1582043,18401200,0
979,2017-11-04,0,0,1
980,2017-11-05,0,0,1
981,2017-11-06,0,0,1
982,2017-11-07,-18926737,4756200,0
983,2017-11-08,-4212751,4773100,0
984,2017-11-09,-488692,5318800,0
985,2017-11-10,-7873998,8088100,0
986,2017-11-11,0,0,1
987,2017-11-12,0,0,1
988,2017-11-13,-9322162,3149300,0
989,2017-11-14,-2550382,3251000,0
990,2017-11-15,-3667452,2690100,0
991,2017-11-16,-3190162,2840500,0
992,2017-11-17,369312,6228000,0
993,2017-11-18,0,0,1
994,2017-11-19,0,0,1
995,2017-11-20,0,0,1
996,2017-11-21,-3640757,3119300,0
997,2017-11-22,-7191824,2918200,0
998,2017-11-23,128161,2847400,0
999,2017-11-24,-2129201,4229700,0
1000,2017-11-25,0,0,1
1001,2017-11-26,0,0,1
1002,2017-11-27,-2848232,2252100,0
1003,2017-11-28,-5620982,2097500,0
1004,2017-11-29,-5782316,6583800,0
1005,2017-11-30,4116005,8462300,0
1006,2017-12-01,3768799,14003300,0
1007,2017-12-02,0,0,1
1008,2017-12-03,0,0,1
1009,2017-12-04,-6889607,5782400,0
1010,2017-12-05,-10040778,6200500,0
1011,2017-12-06,-8894089,6607600,0
1012,2017-12-07,-7248963,12963900,0
1013,2017-12-08,0,0,1
1014,2017-12-09,0,0,1
1015,2017-12-10,0,0,1
1016,2017-12-11,-12169412,4859400,0
1017,2017-12-12,-7221300,4104400,0
1018,2017-12-13,-6671622,4196100,0
1019,2017-12-14,-2978108,7329500,0
1020,2017-12-15,3076594,15239000,0
1021,2017-12-16,0,0,1
1022,2017-12-17,0,0,1
1023,2017-12-18,-4416050,5033500,0
1024,2017-12-19,-8800975,4847800,0
1025,2017-12-20,624550,5205000,0
1026,2017-12-21,1585889,6104700,0
1027,2017-12-22,1984217,12553000,0
1028,2017-12-23,0,0,1
1029,2017-12-24,0,0,1
1030,2017-12-25,0,0,1
1031,2017-12-26,-7690949,3839000,0
1032,2017-12-27,3041753,3375100,0
1033,2017-12-28,11512024,6273800,0
1034,2017-12-29,7571871,14702500,0
1035,2017-12-30,0,0,1
1036,2017-12-31,0,0,1
