,dow,dom,month,year,in_demand,out_demand,prev_holi,pos_holi
0,3,1,7,2014,2937751138.0,3063036192.0,0,0
1,4,2,7,2014,3099432072.0,3768111338.0,0,0
2,5,3,7,2014,3752703712.0,3652234497.0,0,0
3,6,4,7,2014,3611856947.0,4101594072.0,0,0
4,7,5,7,2014,0.0,0.0,0,0
5,1,6,7,2014,0.0,0.0,0,0
6,2,7,7,2014,4836911760.0,4670620493.0,0,0
7,3,8,7,2014,3314163140.0,3063540499.0,0,1
8,4,9,7,2014,0.0,0.0,0,0
9,5,10,7,2014,4514261979.0,3965770358.0,1,0
10,6,11,7,2014,5090416692.0,5317826678.0,0,0
11,7,12,7,2014,0.0,0.0,0,0
12,1,13,7,2014,0.0,0.0,0,0
13,2,14,7,2014,5069177203.0,4288512520.0,0,0
14,3,15,7,2014,3716899519.0,4406810921.0,0,0
15,4,16,7,2014,3290364324.0,3764103598.0,0,0
16,5,17,7,2014,3394874617.0,3455963583.0,0,0
17,6,18,7,2014,3199557268.0,3275747718.0,0,0
18,7,19,7,2014,0.0,0.0,0,0
19,1,20,7,2014,0.0,0.0,0,0
20,2,21,7,2014,4214620536.0,3572264480.0,0,0
21,3,22,7,2014,2475630427.0,2455053630.0,0,0
22,4,23,7,2014,3192494920.0,3361787047.0,0,0
23,5,24,7,2014,2298117634.0,2482585447.0,0,0
24,6,25,7,2014,2780312772.0,3022404362.0,0,0
25,7,26,7,2014,0.0,0.0,0,0
26,1,27,7,2014,0.0,0.0,0,0
27,2,28,7,2014,3444683783.0,2946441091.0,0,0
28,3,29,7,2014,2445664578.0,2485326259.0,0,0
29,4,30,7,2014,3035609145.0,2694676639.0,0,0
30,5,31,7,2014,2365648845.0,2733091399.0,0,0
31,6,1,8,2014,4423604046.0,4536167816.0,0,0
32,7,2,8,2014,0.0,0.0,0,0
33,1,3,8,2014,0.0,0.0,0,0
34,2,4,8,2014,5085296871.0,4991368224.0,0,0
35,3,5,8,2014,3154106891.0,3165124946.0,0,0
36,4,6,8,2014,3893700212.0,3952819767.0,0,0
37,5,7,8,2014,2824914657.0,2767717109.0,0,0
38,6,8,8,2014,4504566510.0,4992976633.0,0,0
39,7,9,8,2014,0.0,0.0,0,0
40,1,10,8,2014,0.0,0.0,0,0
41,2,11,8,2014,4980717916.0,4481376170.0,0,0
42,3,12,8,2014,4351027768.0,4433911616.0,0,0
43,4,13,8,2014,3342517075.0,3331236169.0,0,0
44,5,14,8,2014,3668190308.0,3674966920.0,0,0
45,6,15,8,2014,4313645758.0,4528908232.0,0,1
46,7,16,8,2014,0.0,0.0,0,0
47,1,17,8,2014,0.0,0.0,0,0
48,2,18,8,2014,0.0,0.0,0,0
49,3,19,8,2014,3777142459.0,3317205500.0,1,0
50,4,20,8,2014,2916340781.0,2925175143.0,0,0
51,5,21,8,2014,2861218851.0,2892025296.0,0,0
52,6,22,8,2014,3281250401.0,3802050552.0,0,0
53,7,23,8,2014,0.0,0.0,0,0
54,1,24,8,2014,0.0,0.0,0,0
55,2,25,8,2014,4208869832.0,3721642640.0,0,0
56,3,26,8,2014,2620752007.0,2450602086.0,0,0
57,4,27,8,2014,3335301247.0,3371373553.0,0,1
58,5,28,8,2014,0.0,0.0,0,0
59,6,29,8,2014,4146173974.0,4068130606.0,1,0
60,7,30,8,2014,0.0,0.0,0,0
61,1,31,8,2014,0.0,0.0,0,0
62,2,1,9,2014,4372117958.0,4282978988.0,0,0
63,3,2,9,2014,3055027290.0,3465741307.0,0,0
64,4,3,9,2014,3414378187.0,3602425002.0,0,0
65,5,4,9,2014,3566234054.0,3424645575.0,0,0
66,6,5,9,2014,4222574189.0,4311003352.0,0,0
67,7,6,9,2014,0.0,0.0,0,0
68,1,7,9,2014,0.0,0.0,0,0
69,2,8,9,2014,4714060051.0,4368280407.0,0,0
70,3,9,9,2014,4253087441.0,4424777880.0,0,0
71,4,10,9,2014,3564818727.0,3612248423.0,0,0
72,5,11,9,2014,5491568164.0,5237020516.0,0,0
73,6,12,9,2014,4796993374.0,5379119927.0,0,1
74,7,13,9,2014,0.0,0.0,0,0
75,1,14,9,2014,0.0,0.0,0,0
76,2,15,9,2014,0.0,0.0,0,0
77,3,16,9,2014,4773611164.0,4244187480.0,1,0
78,4,17,9,2014,3366670956.0,3304984729.0,0,0
79,5,18,9,2014,3524594657.0,3624434747.0,0,0
80,6,19,9,2014,3375319127.0,3499387039.0,0,0
81,7,20,9,2014,0.0,0.0,0,0
82,1,21,9,2014,0.0,0.0,0,0
83,2,22,9,2014,4204763457.0,3584223850.0,0,0
84,3,23,9,2014,2213773637.0,2233088486.0,0,0
85,4,24,9,2014,2410614820.0,2883710934.0,0,0
86,5,25,9,2014,2214544781.0,2341449295.0,0,0
87,6,26,9,2014,3607396044.0,3364635279.0,0,0
88,7,27,9,2014,0.0,0.0,0,0
89,1,28,9,2014,0.0,0.0,0,0
90,2,29,9,2014,3458703145.0,2764789308.0,0,0
91,3,30,9,2014,2203593505.0,2372226578.0,0,0
92,4,1,10,2014,2935686734.0,3526286313.0,0,0
93,5,2,10,2014,4064443136.0,4132230306.0,0,0
94,6,3,10,2014,4391561982.0,4754023936.0,0,0
95,7,4,10,2014,0.0,0.0,0,0
96,1,5,10,2014,0.0,0.0,0,0
97,2,6,10,2014,4712194559.0,4216596620.0,0,0
98,3,7,10,2014,3707744897.0,3568339305.0,0,0
99,4,8,10,2014,3645681878.0,3701104610.0,0,0
100,5,9,10,2014,3729276330.0,3379251981.0,0,0
101,6,10,10,2014,4253929679.0,4641073194.0,0,1
102,7,11,10,2014,0.0,0.0,0,0
103,1,12,10,2014,0.0,0.0,0,0
104,2,13,10,2014,0.0,0.0,0,0
105,3,14,10,2014,5117837731.0,4415686710.0,1,0
106,4,15,10,2014,3109169919.0,3615440170.0,0,0
107,5,16,10,2014,4611735933.0,4571005890.0,0,0
108,6,17,10,2014,3972927362.0,4274119202.0,0,0
109,7,18,10,2014,0.0,0.0,0,0
110,1,19,10,2014,0.0,0.0,0,0
111,2,20,10,2014,5557838986.0,5173586847.0,0,0
112,3,21,10,2014,3534886484.0,3349747362.0,0,0
113,4,22,10,2014,1730554337.0,2051722316.0,0,0
114,5,23,10,2014,4268788429.0,4251004772.0,0,0
115,6,24,10,2014,3282717298.0,4074137572.0,0,0
116,7,25,10,2014,0.0,0.0,0,0
117,1,26,10,2014,0.0,0.0,0,0
118,2,27,10,2014,3686402286.0,3154493255.0,0,0
119,3,28,10,2014,3167093524.0,2946081425.0,0,0
120,4,29,10,2014,2554300843.0,2456517834.0,0,0
121,5,30,10,2014,3149781202.0,2960333318.0,0,0
122,6,31,10,2014,4022517140.0,4369146686.0,0,0
123,7,1,11,2014,0.0,0.0,0,0
124,1,2,11,2014,0.0,0.0,0,0
125,2,3,11,2014,4675576324.0,4612912566.0,0,0
126,3,4,11,2014,3870986560.0,3712007210.0,0,0
127,4,5,11,2014,4062225031.0,4648412110.0,0,1
128,5,6,11,2014,0.0,0.0,0,0
129,6,7,11,2014,7218878200.0,7659733713.0,1,0
130,7,8,11,2014,0.0,0.0,0,0
131,1,9,11,2014,0.0,0.0,0,0
132,2,10,11,2014,6493197111.0,5608023409.0,0,0
133,3,11,11,2014,6532940891.0,6310254465.0,0,0
134,4,12,11,2014,929676818.0,1535258136.0,0,0
135,5,13,11,2014,1278299675.0,1234971425.0,0,0
136,6,14,11,2014,7455794164.0,7973005743.0,0,0
137,7,15,11,2014,0.0,0.0,0,0
138,1,16,11,2014,0.0,0.0,0,0
139,2,17,11,2014,4915759581.0,4064543484.0,0,0
140,3,18,11,2014,4127563065.0,4181048727.0,0,0
141,4,19,11,2014,2637802080.0,2669036609.0,0,0
142,5,20,11,2014,2931738790.0,2823255379.0,0,0
143,6,21,11,2014,3350184639.0,3900055841.0,0,1
144,7,22,11,2014,0.0,0.0,0,0
145,1,23,11,2014,0.0,0.0,0,0
146,2,24,11,2014,0.0,0.0,0,0
147,3,25,11,2014,3636205936.0,3159027395.0,1,0
148,4,26,11,2014,4304717482.0,4041553859.0,0,0
149,5,27,11,2014,2628041697.0,2888886611.0,0,0
150,6,28,11,2014,3053050013.0,3498946466.0,0,0
151,7,29,11,2014,0.0,0.0,0,0
152,1,30,11,2014,0.0,0.0,0,0
153,2,1,12,2014,4420430603.0,3436412062.0,0,0
154,3,2,12,2014,3167255504.0,4119454331.0,0,0
155,4,3,12,2014,4149003874.0,3813769844.0,0,0
156,5,4,12,2014,3930152385.0,3880048257.0,0,0
157,6,5,12,2014,6201146696.0,6301815494.0,0,1
158,7,6,12,2014,0.0,0.0,0,0
159,1,7,12,2014,0.0,0.0,0,0
160,2,8,12,2014,0.0,0.0,0,0
161,3,9,12,2014,5319837149.0,4690704170.0,1,0
162,4,10,12,2014,3877934784.0,4029694099.0,0,0
163,5,11,12,2014,5755754557.0,5786434062.0,0,0
164,6,12,12,2014,4181627407.0,4697215436.0,0,0
165,7,13,12,2014,0.0,0.0,0,0
166,1,14,12,2014,0.0,0.0,0,0
167,2,15,12,2014,5929451009.0,5106522087.0,0,0
168,3,16,12,2014,3286104329.0,3819984355.0,0,0
169,4,17,12,2014,3182309564.0,3421680615.0,0,0
170,5,18,12,2014,3978821372.0,3969658542.0,0,0
171,6,19,12,2014,4606302294.0,4777470066.0,0,0
172,7,20,12,2014,0.0,0.0,0,0
173,1,21,12,2014,0.0,0.0,0,0
174,2,22,12,2014,6200573147.0,5546274460.0,0,0
175,3,23,12,2014,4317229834.0,5247368595.0,0,0
176,4,24,12,2014,3720361055.0,2109628546.0,0,2
177,5,25,12,2014,0.0,0.0,0,0
178,6,26,12,2014,0.0,0.0,0,0
179,7,27,12,2014,0.0,0.0,0,0
180,1,28,12,2014,0.0,0.0,0,0
181,2,29,12,2014,5878321934.0,6107310006.0,2,0
182,3,30,12,2014,3835447019.0,4271392196.0,0,2
183,4,31,12,2014,0.0,0.0,0,0
184,5,1,1,2015,0.0,0.0,0,0
185,6,2,1,2015,4906760289.0,6582727306.0,2,0
186,7,3,1,2015,0.0,0.0,0,0
187,1,4,1,2015,0.0,0.0,0,0
188,2,5,1,2015,5295665284.0,3707557329.0,0,0
189,3,6,1,2015,3399861380.0,3389192961.0,0,0
190,4,7,1,2015,3550975119.0,3624123186.0,0,0
191,5,8,1,2015,3577396489.0,3747356302.0,0,0
192,6,9,1,2015,3936465187.0,4396659824.0,0,0
193,7,10,1,2015,0.0,0.0,0,0
194,1,11,1,2015,0.0,0.0,0,0
195,2,12,1,2015,5516057434.0,4930163999.0,0,0
196,3,13,1,2015,3800878300.0,3910373546.0,0,0
197,4,14,1,2015,3222790190.0,3199823179.0,0,0
198,5,15,1,2015,3850506433.0,3578165431.0,0,0
199,6,16,1,2015,3852628734.0,4071596367.0,0,0
200,7,17,1,2015,0.0,0.0,0,0
201,1,18,1,2015,0.0,0.0,0,0
202,2,19,1,2015,3832009254.0,3679111837.0,0,0
203,3,20,1,2015,2468994278.0,2809246615.0,0,0
204,4,21,1,2015,2827811260.0,2831670822.0,0,0
205,5,22,1,2015,2610253476.0,2620308944.0,0,0
206,6,23,1,2015,2687881418.0,3258641144.0,0,0
207,7,24,1,2015,0.0,0.0,0,0
208,1,25,1,2015,0.0,0.0,0,0
209,2,26,1,2015,3796121921.0,3465458740.0,0,0
210,3,27,1,2015,2898117995.0,2781841862.0,0,0
211,4,28,1,2015,2214526319.0,2304012064.0,0,0
212,5,29,1,2015,3549801453.0,3082651946.0,0,0
213,6,30,1,2015,3185101784.0,3524824957.0,0,0
214,7,31,1,2015,0.0,0.0,0,0
215,1,1,2,2015,0.0,0.0,0,0
216,2,2,2,2015,4190781591.0,3862400419.0,0,0
217,3,3,2,2015,3369734269.0,3625932827.0,0,0
218,4,4,2,2015,2731007543.0,2772993675.0,0,0
219,5,5,2,2015,3507627151.0,3342196211.0,0,0
220,6,6,2,2015,3812805144.0,4033807814.0,0,0
221,7,7,2,2015,0.0,0.0,0,0
222,1,8,2,2015,0.0,0.0,0,0
223,2,9,2,2015,4391141951.0,4241525540.0,0,0
224,3,10,2,2015,4869504748.0,4845293539.0,0,0
225,4,11,2,2015,4244524993.0,4048256001.0,0,0
226,5,12,2,2015,4333014861.0,4135961231.0,0,0
227,6,13,2,2015,4818328487.0,5288831042.0,0,2
228,7,14,2,2015,0.0,0.0,0,0
229,1,15,2,2015,0.0,0.0,0,0
230,2,16,2,2015,0.0,0.0,0,0
231,3,17,2,2015,0.0,0.0,0,0
232,4,18,2,2015,4754805115.0,4220788406.0,2,0
233,5,19,2,2015,4391801874.0,4843015513.0,0,1
234,6,20,2,2015,0.0,0.0,0,0
235,7,21,2,2015,0.0,0.0,0,0
236,1,22,2,2015,0.0,0.0,0,0
237,2,23,2,2015,4460285168.0,4478535493.0,1,0
238,3,24,2,2015,3597007303.0,3642923234.0,0,0
239,4,25,2,2015,3332415292.0,3216149438.0,0,0
240,5,26,2,2015,3111422423.0,3122033066.0,0,0
241,6,27,2,2015,3992797698.0,4467334174.0,0,0
242,7,28,2,2015,0.0,0.0,0,0
243,1,1,3,2015,0.0,0.0,0,0
244,2,2,3,2015,4919575107.0,4716181915.0,0,0
245,3,3,3,2015,3934623310.0,3927250871.0,0,0
246,4,4,3,2015,3760356540.0,3686618356.0,0,0
247,5,5,3,2015,3790206819.0,3805282979.0,0,0
248,6,6,3,2015,4348695718.0,4725531594.0,0,0
249,7,7,3,2015,0.0,0.0,0,0
250,1,8,3,2015,0.0,0.0,0,0
251,2,9,3,2015,5519563905.0,5016695602.0,0,0
252,3,10,3,2015,5244365283.0,5065082619.0,0,0
253,4,11,3,2015,3459043322.0,3561723934.0,0,0
254,5,12,3,2015,3898719629.0,4090831292.0,0,0
255,6,13,3,2015,4224392136.0,5044193594.0,0,0
256,7,14,3,2015,0.0,0.0,0,0
257,1,15,3,2015,0.0,0.0,0,0
258,2,16,3,2015,5329498945.0,4311400220.0,0,0
259,3,17,3,2015,3021070183.0,3012016211.0,0,0
260,4,18,3,2015,3174825470.0,3278707992.0,0,0
261,5,19,3,2015,2962864102.0,3034692131.0,0,0
262,6,20,3,2015,4376817975.0,4927618427.0,0,2
263,7,21,3,2015,0.0,0.0,0,0
264,1,22,3,2015,0.0,0.0,0,0
265,2,23,3,2015,0.0,0.0,0,0
266,3,24,3,2015,0.0,0.0,0,0
267,4,25,3,2015,5740400251.0,4876835697.0,2,0
268,5,26,3,2015,3150617111.0,3298426132.0,0,0
269,6,27,3,2015,3384293397.0,3820932782.0,0,0
270,7,28,3,2015,0.0,0.0,0,0
271,1,29,3,2015,0.0,0.0,0,0
272,2,30,3,2015,4643279508.0,4136254189.0,0,1
273,3,31,3,2015,0.0,0.0,0,0
274,4,1,4,2015,7423176936.0,7668440304.0,1,2
275,5,2,4,2015,0.0,0.0,0,0
276,6,3,4,2015,0.0,0.0,0,0
277,7,4,4,2015,0.0,0.0,0,0
278,1,5,4,2015,0.0,0.0,0,0
279,2,6,4,2015,6315454346.0,5935287808.0,2,0
280,3,7,4,2015,4038960660.0,4404188199.0,0,0
281,4,8,4,2015,4022528496.0,4135658616.0,0,0
282,5,9,4,2015,5015854272.0,5150865777.0,0,0
283,6,10,4,2015,5407150857.0,5568075463.0,0,0
284,7,11,4,2015,0.0,0.0,0,0
285,1,12,4,2015,0.0,0.0,0,0
286,2,13,4,2015,5462172587.0,5102819696.0,0,0
287,3,14,4,2015,4093935313.0,4043311845.0,0,0
288,4,15,4,2015,3498162800.0,3592923157.0,0,0
289,5,16,4,2015,3356545003.0,3331703952.0,0,0
290,6,17,4,2015,3517442778.0,3622135601.0,0,0
291,7,18,4,2015,0.0,0.0,0,0
292,1,19,4,2015,0.0,0.0,0,0
293,2,20,4,2015,6264124178.0,5650866970.0,0,0
294,3,21,4,2015,4369553447.0,4682952414.0,0,0
295,4,22,4,2015,4227518803.0,4175765595.0,0,0
296,5,23,4,2015,2530392362.0,2456139414.0,0,0
297,6,24,4,2015,3701719041.0,4171651019.0,0,0
298,7,25,4,2015,0.0,0.0,0,0
299,1,26,4,2015,0.0,0.0,0,0
300,2,27,4,2015,4452957210.0,3435461828.0,0,0
301,3,28,4,2015,2939480212.0,3216464103.0,0,0
302,4,29,4,2015,3081186826.0,3173264268.0,0,0
303,5,30,4,2015,4798502376.0,5815893027.0,0,1
304,6,1,5,2015,0.0,0.0,0,0
305,7,2,5,2015,0.0,0.0,0,0
306,1,3,5,2015,0.0,0.0,0,0
307,2,4,5,2015,4593583729.0,4216664695.0,1,0
308,3,5,5,2015,3886571692.0,3509330819.0,0,0
309,4,6,5,2015,2146428246.0,2470670900.0,0,0
310,5,7,5,2015,2780622105.0,2644665435.0,0,0
311,6,8,5,2015,5356932040.0,5484646842.0,0,0
312,7,9,5,2015,0.0,0.0,0,0
313,1,10,5,2015,0.0,0.0,0,0
314,2,11,5,2015,5624554977.0,5619080340.0,0,0
315,3,12,5,2015,962257188.0,1002847513.0,0,0
316,4,13,5,2015,6255609054.0,6465664316.0,0,0
317,5,14,5,2015,4947540193.0,4980389225.0,0,0
318,6,15,5,2015,4946159571.0,4974959325.0,0,0
319,7,16,5,2015,0.0,0.0,0,0
320,1,17,5,2015,0.0,0.0,0,0
321,2,18,5,2015,3924262560.0,3725164828.0,0,0
322,3,19,5,2015,3325730831.0,3387853273.0,0,0
323,4,20,5,2015,3005885307.0,3044403098.0,0,0
324,5,21,5,2015,3621989883.0,3370110502.0,0,0
325,6,22,5,2015,3990655489.0,4093064608.0,0,1
326,7,23,5,2015,0.0,0.0,0,0
327,1,24,5,2015,0.0,0.0,0,0
328,2,25,5,2015,0.0,0.0,0,0
329,3,26,5,2015,699762175.0,771229600.0,1,0
330,4,27,5,2015,258714341.0,257510586.0,0,0
331,5,28,5,2015,5166848900.0,4667817106.0,0,0
332,6,29,5,2015,4191412038.0,4272653423.0,0,0
333,7,30,5,2015,0.0,0.0,0,0
334,1,31,5,2015,0.0,0.0,0,0
335,2,1,6,2015,5533960808.0,5182274244.0,0,0
336,3,2,6,2015,3692455290.0,3989889078.0,0,0
337,4,3,6,2015,3113088119.0,3450932733.0,0,0
338,5,4,6,2015,3371895728.0,3477690810.0,0,0
339,6,5,6,2015,4051007258.0,4241834108.0,0,0
340,7,6,6,2015,0.0,0.0,0,0
341,1,7,6,2015,0.0,0.0,0,0
342,2,8,6,2015,5037832438.0,4354266483.0,0,0
343,3,9,6,2015,2900000492.0,3110285841.0,0,0
344,4,10,6,2015,4239924158.0,4564740436.0,0,0
345,5,11,6,2015,4957864323.0,4756895343.0,0,0
346,6,12,6,2015,4817131525.0,5220413466.0,0,0
347,7,13,6,2015,0.0,0.0,0,0
348,1,14,6,2015,0.0,0.0,0,0
349,2,15,6,2015,4616838679.0,4185864117.0,0,0
350,3,16,6,2015,4151378225.0,4346152561.0,0,1
351,4,17,6,2015,0.0,0.0,0,0
352,5,18,6,2015,4517917920.0,4444573854.0,1,0
353,6,19,6,2015,4441977277.0,4641971783.0,0,0
354,7,20,6,2015,0.0,0.0,0,0
355,1,21,6,2015,0.0,0.0,0,0
356,2,22,6,2015,5041315867.0,4761897076.0,0,0
357,3,23,6,2015,3104070978.0,3114005529.0,0,0
358,4,24,6,2015,2959620664.0,2896250064.0,0,0
359,5,25,6,2015,3139951317.0,3339560746.0,0,0
360,6,26,6,2015,4109875533.0,4219146102.0,0,0
361,7,27,6,2015,0.0,0.0,0,0
362,1,28,6,2015,0.0,0.0,0,0
363,2,29,6,2015,4414016122.0,4126027952.0,0,0
364,3,30,6,2015,3399027415.0,3243288361.0,0,0
365,4,1,7,2015,3744809455.0,4014422159.0,0,0
366,5,2,7,2015,3992874663.0,4339847316.0,0,0
367,6,3,7,2015,4286152747.0,4084711058.0,0,0
368,7,4,7,2015,0.0,0.0,0,0
369,1,5,7,2015,0.0,0.0,0,0
370,2,6,7,2015,4898309579.0,4382068488.0,0,0
371,3,7,7,2015,4521461119.0,4428103903.0,0,0
372,4,8,7,2015,5738505423.0,5653470212.0,0,1
373,5,9,7,2015,0.0,0.0,0,0
374,6,10,7,2015,6448791670.0,7197910036.0,1,0
375,7,11,7,2015,0.0,0.0,0,0
376,1,12,7,2015,0.0,0.0,0,0
377,2,13,7,2015,6915749001.0,5841376696.0,0,0
378,3,14,7,2015,4961297607.0,5132523532.0,0,0
379,4,15,7,2015,3875229948.0,4592843237.0,0,0
380,5,16,7,2015,4276027741.0,4126356519.0,0,0
381,6,17,7,2015,4403403197.0,4789129778.0,0,0
382,7,18,7,2015,0.0,0.0,0,0
383,1,19,7,2015,0.0,0.0,0,0
384,2,20,7,2015,4448037637.0,4289926366.0,0,0
385,3,21,7,2015,3297170372.0,3275197586.0,0,0
386,4,22,7,2015,2866611759.0,2950202043.0,0,0
387,5,23,7,2015,3169284896.0,3171412797.0,0,0
388,6,24,7,2015,4728980462.0,4990411702.0,0,0
389,7,25,7,2015,0.0,0.0,0,0
390,1,26,7,2015,0.0,0.0,0,0
391,2,27,7,2015,3928046186.0,3822110083.0,0,0
392,3,28,7,2015,2760594208.0,2751870768.0,0,0
393,4,29,7,2015,2513378538.0,2616736221.0,0,0
394,5,30,7,2015,2608870061.0,2652090443.0,0,0
395,6,31,7,2015,3386776119.0,3453246485.0,0,0
396,7,1,8,2015,0.0,0.0,0,0
397,1,2,8,2015,0.0,0.0,0,0
398,2,3,8,2015,5710573363.0,5331040972.0,0,0
399,3,4,8,2015,4016395468.0,4316461599.0,0,0
400,4,5,8,2015,4369092629.0,4397313585.0,0,0
401,5,6,8,2015,4203827150.0,3975526567.0,0,0
402,6,7,8,2015,5811542534.0,5806322530.0,0,0
403,7,8,8,2015,0.0,0.0,0,0
404,1,9,8,2015,0.0,0.0,0,0
405,2,10,8,2015,5714366470.0,5683013412.0,0,0
406,3,11,8,2015,4624647418.0,5151941408.0,0,0
407,4,12,8,2015,4420194642.0,4148072125.0,0,0
408,5,13,8,2015,4893231383.0,4740735504.0,0,0
409,6,14,8,2015,4641760263.0,4971418674.0,0,1
410,7,15,8,2015,0.0,0.0,0,0
411,1,16,8,2015,0.0,0.0,0,0
412,2,17,8,2015,0.0,0.0,0,0
413,3,18,8,2015,5693750655.0,5420952116.0,1,0
414,4,19,8,2015,3829426550.0,4084278739.0,0,0
415,5,20,8,2015,3728263539.0,3995970096.0,0,0
416,6,21,8,2015,4174085389.0,4098049691.0,0,0
417,7,22,8,2015,0.0,0.0,0,0
418,1,23,8,2015,0.0,0.0,0,0
419,2,24,8,2015,3808227210.0,3370509060.0,0,0
420,3,25,8,2015,3086992585.0,3278405860.0,0,0
421,4,26,8,2015,2832279391.0,2932642362.0,0,0
422,5,27,8,2015,2458710718.0,2561722421.0,0,0
423,6,28,8,2015,3036461888.0,3124527738.0,0,0
424,7,29,8,2015,0.0,0.0,0,0
425,1,30,8,2015,0.0,0.0,0,0
426,2,31,8,2015,4672425434.0,4187260009.0,0,0
427,3,1,9,2015,3478796490.0,3856605669.0,0,0
428,4,2,9,2015,4024030209.0,4263848237.0,0,0
429,5,3,9,2015,4457489837.0,3956961462.0,0,0
430,6,4,9,2015,4598283010.0,4701387111.0,0,0
431,7,5,9,2015,0.0,0.0,0,0
432,1,6,9,2015,0.0,0.0,0,0
433,2,7,9,2015,5670600875.0,5515073517.0,0,0
434,3,8,9,2015,4294370687.0,4340880303.0,0,0
435,4,9,9,2015,4631045829.0,4733652250.0,0,0
436,5,10,9,2015,4825460905.0,4641595920.0,0,0
437,6,11,9,2015,6594854430.0,6697955252.0,0,0
438,7,12,9,2015,0.0,0.0,0,0
439,1,13,9,2015,0.0,0.0,0,0
440,2,14,9,2015,4566049285.0,4841412460.0,0,1
441,3,15,9,2015,0.0,0.0,0,0
442,4,16,9,2015,5518726551.0,5315487381.0,1,0
443,5,17,9,2015,3862604874.0,3805419029.0,0,0
444,6,18,9,2015,3991402544.0,4235882390.0,0,0
445,7,19,9,2015,0.0,0.0,0,0
446,1,20,9,2015,0.0,0.0,0,0
447,2,21,9,2015,4733132806.0,4636451175.0,0,0
448,3,22,9,2015,3530036098.0,3186034307.0,0,0
449,4,23,9,2015,3193957516.0,3373433124.0,0,0
450,5,24,9,2015,2795584252.0,3164413437.0,0,0
451,6,25,9,2015,3499966234.0,3484501019.0,0,0
452,7,26,9,2015,0.0,0.0,0,0
453,1,27,9,2015,0.0,0.0,0,0
454,2,28,9,2015,3663802280.0,3340422946.0,0,0
455,3,29,9,2015,2829711135.0,2749332082.0,0,0
456,4,30,9,2015,3326993921.0,3379945607.0,0,0
457,5,1,10,2015,4288979062.0,4330324291.0,0,0
458,6,2,10,2015,4638466048.0,5318060449.0,0,0
459,7,3,10,2015,0.0,0.0,0,0
460,1,4,10,2015,0.0,0.0,0,0
461,2,5,10,2015,5491588654.0,4663143827.0,0,0
462,3,6,10,2015,4408446076.0,4562224370.0,0,0
463,4,7,10,2015,4042767254.0,4150452486.0,0,0
464,5,8,10,2015,5159131866.0,4906383943.0,0,0
465,6,9,10,2015,4919739743.0,5273146101.0,0,1
466,7,10,10,2015,0.0,0.0,0,0
467,1,11,10,2015,0.0,0.0,0,0
468,2,12,10,2015,0.0,0.0,0,0
469,3,13,10,2015,5402152275.0,5073525625.0,1,0
470,4,14,10,2015,3750684284.0,3884749361.0,0,0
471,5,15,10,2015,3401018274.0,3113206064.0,0,0
472,6,16,10,2015,4472719941.0,4835017211.0,0,0
473,7,17,10,2015,0.0,0.0,0,0
474,1,18,10,2015,0.0,0.0,0,0
475,2,19,10,2015,3974715413.0,3602229823.0,0,0
476,3,20,10,2015,2723212551.0,3029244694.0,0,0
477,4,21,10,2015,2741404822.0,2671211668.0,0,0
478,5,22,10,2015,2936034263.0,2883794798.0,0,0
479,6,23,10,2015,3503479159.0,3697010561.0,0,0
480,7,24,10,2015,0.0,0.0,0,0
481,1,25,10,2015,0.0,0.0,0,0
482,2,26,10,2015,3095701817.0,2945660562.0,0,0
483,3,27,10,2015,2244071711.0,2418723586.0,0,0
484,4,28,10,2015,2840155333.0,2691686838.0,0,0
485,5,29,10,2015,3327789714.0,3069113624.0,0,0
486,6,30,10,2015,3075208669.0,3586713033.0,0,0
487,7,31,10,2015,0.0,0.0,0,0
488,1,1,11,2015,0.0,0.0,0,0
489,2,2,11,2015,5234424405.0,4996810174.0,0,0
490,3,3,11,2015,3252093560.0,3096403477.0,0,0
491,4,4,11,2015,4405945332.0,4341501505.0,0,0
492,5,5,11,2015,5113880840.0,5415350435.0,0,1
493,6,6,11,2015,0.0,0.0,0,0
494,7,7,11,2015,0.0,0.0,0,0
495,1,8,11,2015,0.0,0.0,0,0
496,2,9,11,2015,6643402136.0,6479439696.0,1,0
497,3,10,11,2015,4498770933.0,4295648007.0,0,0
498,4,11,11,2015,3547887462.0,3705522305.0,0,0
499,5,12,11,2015,4364533376.0,4571869838.0,0,0
500,6,13,11,2015,4050325357.0,4119821700.0,0,0
501,7,14,11,2015,0.0,0.0,0,0
502,1,15,11,2015,0.0,0.0,0,0
503,2,16,11,2015,4844965802.0,4526531601.0,0,0
504,3,17,11,2015,3844002983.0,3778573387.0,0,0
505,4,18,11,2015,3481074183.0,3652150528.0,0,0
506,5,19,11,2015,3311366697.0,3343478921.0,0,0
507,6,20,11,2015,3332460692.0,3642116983.0,0,0
508,7,21,11,2015,0.0,0.0,0,0
509,1,22,11,2015,0.0,0.0,0,0
510,2,23,11,2015,3619307363.0,3441414092.0,0,0
511,3,24,11,2015,3579412450.0,3555694309.0,0,0
512,4,25,11,2015,2757694605.0,2805947366.0,0,0
513,5,26,11,2015,4084067181.0,4263918999.0,0,1
514,6,27,11,2015,0.0,0.0,0,0
515,7,28,11,2015,0.0,0.0,0,0
516,1,29,11,2015,0.0,0.0,0,0
517,2,30,11,2015,5288539320.0,4701659945.0,1,0
518,3,1,12,2015,4208134964.0,4476846057.0,0,0
519,4,2,12,2015,4625580334.0,4775600658.0,0,0
520,5,3,12,2015,5956653294.0,5572132767.0,0,0
521,6,4,12,2015,5260146553.0,5466654272.0,0,2
522,7,5,12,2015,0.0,0.0,0,0
523,1,6,12,2015,0.0,0.0,0,0
524,2,7,12,2015,0.0,0.0,0,0
525,3,8,12,2015,0.0,0.0,0,0
526,4,9,12,2015,6737687010.0,6576968218.0,2,0
527,5,10,12,2015,5101412550.0,5252199315.0,0,0
528,6,11,12,2015,5285810954.0,5595966197.0,0,0
529,7,12,12,2015,0.0,0.0,0,0
530,1,13,12,2015,0.0,0.0,0,0
531,2,14,12,2015,5146113281.0,4954920858.0,0,0
532,3,15,12,2015,4929024826.0,4771575805.0,0,0
533,4,16,12,2015,3360401319.0,3332608636.0,0,0
534,5,17,12,2015,4779656460.0,4637928017.0,0,0
535,6,18,12,2015,5237314166.0,5776981744.0,0,0
536,7,19,12,2015,0.0,0.0,0,0
537,1,20,12,2015,0.0,0.0,0,0
538,2,21,12,2015,5576579674.0,5333816754.0,0,0
539,3,22,12,2015,5220259110.0,5092664302.0,0,0
540,4,23,12,2015,4373738993.0,4433706984.0,0,0
541,5,24,12,2015,3440294328.0,3963758444.0,0,1
542,6,25,12,2015,0.0,0.0,0,0
543,7,26,12,2015,0.0,0.0,0,0
544,1,27,12,2015,0.0,0.0,0,0
545,2,28,12,2015,5298842949.0,4631060879.0,1,0
546,3,29,12,2015,3713729214.0,3668707841.0,0,0
547,4,30,12,2015,4983343733.0,4919684353.0,0,0
548,5,31,12,2015,2813619004.0,3118392664.0,0,1
549,6,1,1,2016,0.0,0.0,0,0
550,7,2,1,2016,0.0,0.0,0,0
551,1,3,1,2016,0.0,0.0,0,0
552,2,4,1,2016,4611124153.0,4315818654.0,1,0
553,3,5,1,2016,4492138452.0,4516292995.0,0,0
554,4,6,1,2016,3762416321.0,3841386085.0,0,0
555,5,7,1,2016,3717243862.0,3534918162.0,0,0
556,6,8,1,2016,5383769891.0,5692527755.0,0,0
557,7,9,1,2016,0.0,0.0,0,0
558,1,10,1,2016,0.0,0.0,0,0
559,2,11,1,2016,6201838797.0,6064346721.0,0,0
560,3,12,1,2016,4453042554.0,4697714162.0,0,0
561,4,13,1,2016,3636001773.0,3679853949.0,0,0
562,5,14,1,2016,4127719137.0,4005815066.0,0,0
563,6,15,1,2016,3213276988.0,3435369999.0,0,0
564,7,16,1,2016,0.0,0.0,0,0
565,1,17,1,2016,0.0,0.0,0,0
566,2,18,1,2016,4576419054.0,4306922904.0,0,0
567,3,19,1,2016,3711241759.0,3536392800.0,0,0
568,4,20,1,2016,3748744254.0,4002450473.0,0,0
569,5,21,1,2016,3935478533.0,3804480154.0,0,0
570,6,22,1,2016,3211493724.0,3536551434.0,0,0
571,7,23,1,2016,0.0,0.0,0,0
572,1,24,1,2016,0.0,0.0,0,0
573,2,25,1,2016,3548910831.0,3255510298.0,0,0
574,3,26,1,2016,3478017195.0,3522398559.0,0,0
575,4,27,1,2016,2897920056.0,3133295423.0,0,0
576,5,28,1,2016,2728688506.0,2852462712.0,0,0
577,6,29,1,2016,3561569284.0,3672577733.0,0,0
578,7,30,1,2016,0.0,0.0,0,0
579,1,31,1,2016,0.0,0.0,0,0
580,2,1,2,2016,5389459356.0,4830614278.0,0,0
581,3,2,2,2016,4744234645.0,4892861990.0,0,0
582,4,3,2,2016,4690004093.0,4654250508.0,0,0
583,5,4,2,2016,4893902186.0,4645118458.0,0,0
584,6,5,2,2016,4163196619.0,4612198096.0,0,2
585,7,6,2,2016,0.0,0.0,0,0
586,1,7,2,2016,0.0,0.0,0,0
587,2,8,2,2016,0.0,0.0,0,0
588,3,9,2,2016,0.0,0.0,0,0
589,4,10,2,2016,6474615215.0,6125730928.0,2,0
590,5,11,2,2016,5153557477.0,5173966679.0,0,0
591,6,12,2,2016,5507748086.0,6043810272.0,0,0
592,7,13,2,2016,0.0,0.0,0,0
593,1,14,2,2016,0.0,0.0,0,0
594,2,15,2,2016,5234481666.0,4987485508.0,0,0
595,3,16,2,2016,4738429361.0,4808869428.0,0,0
596,4,17,2,2016,3766440946.0,3898671553.0,0,0
597,5,18,2,2016,3903092697.0,3856242969.0,0,0
598,6,19,2,2016,4270497673.0,4182048135.0,0,0
599,7,20,2,2016,0.0,0.0,0,0
600,1,21,2,2016,0.0,0.0,0,0
601,2,22,2,2016,4537083692.0,4583705286.0,0,0
602,3,23,2,2016,2863033683.0,3104726040.0,0,0
603,4,24,2,2016,3141050710.0,2943674532.0,0,0
604,5,25,2,2016,3733545684.0,3602423909.0,0,0
605,6,26,2,2016,4266618483.0,4323470225.0,0,0
606,7,27,2,2016,0.0,0.0,0,0
607,1,28,2,2016,0.0,0.0,0,0
608,2,29,2,2016,5180791399.0,4806602109.0,0,0
609,3,1,3,2016,3215954183.0,3235745572.0,0,0
610,4,2,3,2016,5185147453.0,5164885397.0,0,0
611,5,3,3,2016,4512066009.0,4367723827.0,0,0
612,6,4,3,2016,4217082562.0,4579020462.0,0,0
613,7,5,3,2016,0.0,0.0,0,0
614,1,6,3,2016,0.0,0.0,0,0
615,2,7,3,2016,4686530041.0,4629008112.0,0,0
616,3,8,3,2016,4129732381.0,4166127342.0,0,0
617,4,9,3,2016,3812358473.0,3644021547.0,0,0
618,5,10,3,2016,4444623142.0,4406071630.0,0,0
619,6,11,3,2016,6127344691.0,6319453417.0,0,0
620,7,12,3,2016,0.0,0.0,0,0
621,1,13,3,2016,0.0,0.0,0,0
622,2,14,3,2016,4516566001.0,4388378139.0,0,0
623,3,15,3,2016,3966056800.0,4240092261.0,0,0
624,4,16,3,2016,3756444398.0,3875051029.0,0,0
625,5,17,3,2016,3288661520.0,3251781212.0,0,0
626,6,18,3,2016,4680678506.0,4551801776.0,0,0
627,7,19,3,2016,0.0,0.0,0,0
628,1,20,3,2016,0.0,0.0,0,0
629,2,21,3,2016,5169010095.0,4917167432.0,0,0
630,3,22,3,2016,4381768628.0,4233616398.0,0,0
631,4,23,3,2016,4301459673.0,4847663778.0,0,2
632,5,24,3,2016,0.0,0.0,0,0
633,6,25,3,2016,0.0,0.0,0,0
634,7,26,3,2016,0.0,0.0,0,0
635,1,27,3,2016,0.0,0.0,0,0
636,2,28,3,2016,4041309514.0,3625070189.0,2,0
637,3,29,3,2016,3608098619.0,3591157342.0,0,0
638,4,30,3,2016,3403085466.0,3417139243.0,0,0
639,5,31,3,2016,2974399869.0,3232201876.0,0,0
640,6,1,4,2016,6404644346.0,6193970501.0,0,0
641,7,2,4,2016,0.0,0.0,0,0
642,1,3,4,2016,0.0,0.0,0,0
643,2,4,4,2016,5235339557.0,5050162385.0,0,0
644,3,5,4,2016,3489048766.0,3780130860.0,0,0
645,4,6,4,2016,4317149109.0,4277794841.0,0,0
646,5,7,4,2016,4801687092.0,4788466920.0,0,0
647,6,8,4,2016,4987138157.0,5004731826.0,0,0
648,7,9,4,2016,0.0,0.0,0,0
649,1,10,4,2016,0.0,0.0,0,0
650,2,11,4,2016,6166294105.0,6379318676.0,0,0
651,3,12,4,2016,4449225062.0,4440062480.0,0,0
652,4,13,4,2016,4076677047.0,4069647275.0,0,0
653,5,14,4,2016,580717125.0,657107550.0,0,0
654,6,15,4,2016,5854110483.0,5620512012.0,0,0
655,7,16,4,2016,0.0,0.0,0,0
656,1,17,4,2016,0.0,0.0,0,0
657,2,18,4,2016,4906843582.0,4858350181.0,0,0
658,3,19,4,2016,3716497934.0,3843059682.0,0,0
659,4,20,4,2016,4242286462.0,4568921223.0,0,0
660,5,21,4,2016,1352029437.0,1028476202.0,0,0
661,6,22,4,2016,2601573700.0,2665360172.0,0,0
662,7,23,4,2016,0.0,0.0,0,0
663,1,24,4,2016,0.0,0.0,0,0
664,2,25,4,2016,4749184812.0,4658198248.0,0,0
665,3,26,4,2016,4177059500.0,4300714277.0,0,0
666,4,27,4,2016,3805118701.0,3819037431.0,0,0
667,5,28,4,2016,3064841249.0,2904944627.0,0,0
668,6,29,4,2016,3337156392.0,3355650213.0,0,0
669,7,30,4,2016,0.0,0.0,0,0
670,1,1,5,2016,0.0,0.0,0,0
671,2,2,5,2016,5050102506.0,4740476199.0,0,0
672,3,3,5,2016,4104542130.0,4077068887.0,0,0
673,4,4,5,2016,4178064049.0,4091148178.0,0,0
674,5,5,5,2016,4284712318.0,4339714894.0,0,0
675,6,6,5,2016,4520244005.0,5188113155.0,0,0
676,7,7,5,2016,0.0,0.0,0,0
677,1,8,5,2016,0.0,0.0,0,0
678,2,9,5,2016,5620070564.0,5191565209.0,0,0
679,3,10,5,2016,4513350977.0,4566234367.0,0,0
680,4,11,5,2016,3227675110.0,3220801560.0,0,0
681,5,12,5,2016,3344896970.0,3315577910.0,0,0
682,6,13,5,2016,4041760300.0,4032518388.0,0,0
683,7,14,5,2016,0.0,0.0,0,0
684,1,15,5,2016,0.0,0.0,0,0
685,2,16,5,2016,3316067186.0,3457983483.0,0,0
686,3,17,5,2016,3191750367.0,3222654334.0,0,0
687,4,18,5,2016,3154971660.0,3122304995.0,0,0
688,5,19,5,2016,3357647232.0,3303578983.0,0,0
689,6,20,5,2016,3151514609.0,3286172174.0,0,0
690,7,21,5,2016,0.0,0.0,0,0
691,1,22,5,2016,0.0,0.0,0,0
692,2,23,5,2016,3916475953.0,3792249642.0,0,0
693,3,24,5,2016,2796951935.0,2876213436.0,0,1
694,4,25,5,2016,0.0,0.0,0,0
695,5,26,5,2016,3115913669.0,3132622751.0,1,0
696,6,27,5,2016,3517632415.0,3638382024.0,0,0
697,7,28,5,2016,0.0,0.0,0,0
698,1,29,5,2016,0.0,0.0,0,0
699,2,30,5,2016,4418248197.0,3972101093.0,0,0
700,3,31,5,2016,3835373412.0,3959352950.0,0,0
701,4,1,6,2016,2496481777.0,2347926353.0,0,0
702,5,2,6,2016,3593551901.0,3402907171.0,0,0
703,6,3,6,2016,5141973496.0,5421586131.0,0,0
704,7,4,6,2016,0.0,0.0,0,0
705,1,5,6,2016,0.0,0.0,0,0
706,2,6,6,2016,4491294956.0,4617648261.0,0,0
707,3,7,6,2016,3721441950.0,3649365656.0,0,0
708,4,8,6,2016,3602552054.0,3727678181.0,0,0
709,5,9,6,2016,3472340511.0,3234418887.0,0,0
710,6,10,6,2016,3783758123.0,4136408496.0,0,0
711,7,11,6,2016,0.0,0.0,0,0
712,1,12,6,2016,0.0,0.0,0,0
713,2,13,6,2016,4916203716.0,4797840942.0,0,0
714,3,14,6,2016,3429742185.0,3495825089.0,0,0
715,4,15,6,2016,4540774885.0,4123303992.0,0,0
716,5,16,6,2016,4761015124.0,5352013667.0,0,2
717,6,17,6,2016,0.0,0.0,0,0
718,7,18,6,2016,0.0,0.0,0,0
719,1,19,6,2016,0.0,0.0,0,0
720,2,20,6,2016,0.0,0.0,0,0
721,3,21,6,2016,7347703697.0,7202060856.0,2,0
722,4,22,6,2016,4955209673.0,4941835802.0,0,0
723,5,23,6,2016,4448371002.0,4164144666.0,0,0
724,6,24,6,2016,5135768847.0,5395857726.0,0,0
725,7,25,6,2016,0.0,0.0,0,0
726,1,26,6,2016,0.0,0.0,0,0
727,2,27,6,2016,3434181749.0,3452835481.0,0,0
728,3,28,6,2016,3312237140.0,3388574836.0,0,0
729,4,29,6,2016,2986854094.0,2989684451.0,0,0
730,5,30,6,2016,2740910409.0,2633998088.0,0,0
731,6,1,7,2016,2813184058.0,2856390498.0,0,0
732,7,2,7,2016,0.0,0.0,0,0
733,1,3,7,2016,0.0,0.0,0,0
734,2,4,7,2016,4658297495.0,4235789649.0,0,0
735,3,5,7,2016,4166065255.0,4180052265.0,0,0
736,4,6,7,2016,4902019267.0,4866356871.0,0,0
737,5,7,7,2016,6142352616.0,6365199368.0,0,1
738,6,8,7,2016,0.0,0.0,0,0
739,7,9,7,2016,0.0,0.0,0,0
740,1,10,7,2016,0.0,0.0,0,0
741,2,11,7,2016,6427461648.0,6680291199.0,1,0
742,3,12,7,2016,5492494485.0,5366596096.0,0,0
743,4,13,7,2016,5022599688.0,5138067151.0,0,0
744,5,14,7,2016,5134470208.0,5086518546.0,0,0
745,6,15,7,2016,6086141257.0,6205904605.0,0,0
746,7,16,7,2016,0.0,0.0,0,0
747,1,17,7,2016,0.0,0.0,0,0
748,2,18,7,2016,6169714449.0,6091411299.0,0,0
749,3,19,7,2016,3060141591.0,3205835678.0,0,0
750,4,20,7,2016,4756963357.0,4739308895.0,0,0
751,5,21,7,2016,2797816139.0,2928987277.0,0,0
752,6,22,7,2016,3859547127.0,3767128474.0,0,0
753,7,23,7,2016,0.0,0.0,0,0
754,1,24,7,2016,0.0,0.0,0,0
755,2,25,7,2016,4148761411.0,4037634480.0,0,0
756,3,26,7,2016,3380954333.0,3365755975.0,0,0
757,4,27,7,2016,4001124853.0,4047336968.0,0,0
758,5,28,7,2016,2695405595.0,2571979509.0,0,0
759,6,29,7,2016,3316667710.0,3437468218.0,0,0
760,7,30,7,2016,0.0,0.0,0,0
761,1,31,7,2016,0.0,0.0,0,0
762,2,1,8,2016,3528870785.0,3450413115.0,0,0
763,3,2,8,2016,2986203731.0,2948142704.0,0,0
764,4,3,8,2016,2971322882.0,2670788049.0,0,0
765,5,4,8,2016,3577631154.0,3629520350.0,0,0
766,6,5,8,2016,5841583471.0,5802170130.0,0,0
767,7,6,8,2016,0.0,0.0,0,0
768,1,7,8,2016,0.0,0.0,0,0
769,2,8,8,2016,5432574903.0,5529771770.0,0,0
770,3,9,8,2016,3834097099.0,4061798179.0,0,0
771,4,10,8,2016,4740146862.0,4580676951.0,0,0
772,5,11,8,2016,3269370340.0,3412482204.0,0,0
773,6,12,8,2016,5618091254.0,5545964544.0,0,1
774,7,13,8,2016,0.0,0.0,0,0
775,1,14,8,2016,0.0,0.0,0,0
776,2,15,8,2016,0.0,0.0,0,0
777,3,16,8,2016,4174515166.0,4121309901.0,1,0
778,4,17,8,2016,3322462750.0,3507938089.0,0,0
779,5,18,8,2016,3686912647.0,3472721739.0,0,0
780,6,19,8,2016,3579632337.0,3805589465.0,0,0
781,7,20,8,2016,0.0,0.0,0,0
782,1,21,8,2016,0.0,0.0,0,0
783,2,22,8,2016,4359072737.0,4384730720.0,0,0
784,3,23,8,2016,3054505249.0,3049795726.0,0,0
785,4,24,8,2016,3073246720.0,3142039569.0,0,0
786,5,25,8,2016,3794021645.0,3851603760.0,0,0
787,6,26,8,2016,3481126250.0,3450469103.0,0,0
788,7,27,8,2016,0.0,0.0,0,0
789,1,28,8,2016,0.0,0.0,0,0
790,2,29,8,2016,4648148893.0,4559506438.0,0,0
791,3,30,8,2016,2756203742.0,2758994813.0,0,0
792,4,31,8,2016,3818723995.0,3372834793.0,0,0
793,5,1,9,2016,2673497758.0,2632208051.0,0,0
794,6,2,9,2016,5310041776.0,5543712749.0,0,0
795,7,3,9,2016,0.0,0.0,0,0
796,1,4,9,2016,0.0,0.0,0,0
797,2,5,9,2016,4681157980.0,4596826578.0,0,0
798,3,6,9,2016,3774642636.0,3880208126.0,0,0
799,4,7,9,2016,4899756767.0,4866745664.0,0,0
800,5,8,9,2016,3993539434.0,3941618131.0,0,0
801,6,9,9,2016,5868953466.0,6120321134.0,0,0
802,7,10,9,2016,0.0,0.0,0,0
803,1,11,9,2016,0.0,0.0,0,0
804,2,12,9,2016,4518615230.0,4477570536.0,0,0
805,3,13,9,2016,4089844274.0,4094485838.0,0,0
806,4,14,9,2016,2296276772.0,2350829905.0,0,1
807,5,15,9,2016,0.0,0.0,0,0
808,6,16,9,2016,4223236365.0,4085929604.0,1,0
809,7,17,9,2016,0.0,0.0,0,0
810,1,18,9,2016,0.0,0.0,0,0
811,2,19,9,2016,4828798108.0,4834792937.0,0,0
812,3,20,9,2016,4269260798.0,4407220545.0,0,0
813,4,21,9,2016,3423589710.0,3416901013.0,0,0
814,5,22,9,2016,4190509760.0,3838022294.0,0,0
815,6,23,9,2016,3451001774.0,3940838365.0,0,0
816,7,24,9,2016,0.0,0.0,0,0
817,1,25,9,2016,0.0,0.0,0,0
818,2,26,9,2016,4417735217.0,4073528720.0,0,0
819,3,27,9,2016,3706855075.0,3786300941.0,0,0
820,4,28,9,2016,2769393674.0,2489610804.0,0,0
821,5,29,9,2016,2751532883.0,2803043313.0,0,0
822,6,30,9,2016,4000806139.0,4205481445.0,0,0
823,7,1,10,2016,0.0,0.0,0,0
824,1,2,10,2016,0.0,0.0,0,0
825,2,3,10,2016,4165166806.0,3700279298.0,0,0
826,3,4,10,2016,4010136167.0,4200641462.0,0,0
827,4,5,10,2016,2783558973.0,2966167487.0,0,0
828,5,6,10,2016,2909211023.0,2520164798.0,0,0
829,6,7,10,2016,5294943746.0,5505347500.0,0,1
830,7,8,10,2016,0.0,0.0,0,0
831,1,9,10,2016,0.0,0.0,0,0
832,2,10,10,2016,0.0,0.0,0,0
833,3,11,10,2016,4431452575.0,4717082647.0,1,0
834,4,12,10,2016,5712675141.0,5805566957.0,0,0
835,5,13,10,2016,3480479569.0,3331534071.0,0,0
836,6,14,10,2016,6893959512.0,6978302167.0,0,0
837,7,15,10,2016,0.0,0.0,0,0
838,1,16,10,2016,0.0,0.0,0,0
839,2,17,10,2016,4696664610.0,4702192786.0,0,0
840,3,18,10,2016,2837955308.0,2827765344.0,0,0
841,4,19,10,2016,2919470936.0,3047073520.0,0,0
842,5,20,10,2016,4150874353.0,4126300930.0,0,0
843,6,21,10,2016,3869441057.0,3900907896.0,0,0
844,7,22,10,2016,0.0,0.0,0,0
845,1,23,10,2016,0.0,0.0,0,0
846,2,24,10,2016,3898125505.0,3943311210.0,0,0
847,3,25,10,2016,3246761642.0,3175895094.0,0,0
848,4,26,10,2016,2787488198.0,2724910606.0,0,0
849,5,27,10,2016,3791636596.0,3938920006.0,0,0
850,6,28,10,2016,1245125727.0,1248973802.0,0,0
851,7,29,10,2016,0.0,0.0,0,0
852,1,30,10,2016,0.0,0.0,0,0
853,2,31,10,2016,4788426379.0,4337468244.0,0,0
854,3,1,11,2016,3484205031.0,3497723194.0,0,0
855,4,2,11,2016,4959962104.0,4821422510.0,0,0
856,5,3,11,2016,3843471335.0,4019728891.0,0,0
857,6,4,11,2016,5609284850.0,5649870866.0,0,0
858,7,5,11,2016,0.0,0.0,0,0
859,1,6,11,2016,0.0,0.0,0,0
860,2,7,11,2016,4647180355.0,4816128353.0,0,0
861,3,8,11,2016,4528080403.0,4329096967.0,0,0
862,4,9,11,2016,4637281336.0,4763846636.0,0,0
863,5,10,11,2016,5151287433.0,4916788833.0,0,0
864,6,11,11,2016,5065126985.0,5429034197.0,0,0
865,7,12,11,2016,0.0,0.0,0,0
866,1,13,11,2016,0.0,0.0,0,0
867,2,14,11,2016,4421744951.0,4361299601.0,0,0
868,3,15,11,2016,4316352212.0,4250789766.0,0,0
869,4,16,11,2016,3803722705.0,3980646309.0,0,0
870,5,17,11,2016,2764497281.0,2742188935.0,0,0
871,6,18,11,2016,4390455972.0,4443187628.0,0,0
872,7,19,11,2016,0.0,0.0,0,0
873,1,20,11,2016,0.0,0.0,0,0
874,2,21,11,2016,4607433009.0,4449712215.0,0,0
875,3,22,11,2016,3324156206.0,3382432264.0,0,0
876,4,23,11,2016,3526979199.0,3528831269.0,0,0
877,5,24,11,2016,2856289479.0,2870020627.0,0,0
878,6,25,11,2016,4031651605.0,3919695729.0,0,1
879,7,26,11,2016,0.0,0.0,0,0
880,1,27,11,2016,0.0,0.0,0,0
881,2,28,11,2016,0.0,0.0,0,0
882,3,29,11,2016,4136544154.0,3944166427.0,1,0
883,4,30,11,2016,4945031356.0,4893581330.0,0,0
884,5,1,12,2016,4774418885.0,4617632064.0,0,0
885,6,2,12,2016,5986327729.0,6434825485.0,0,0
886,7,3,12,2016,0.0,0.0,0,0
887,1,4,12,2016,0.0,0.0,0,0
888,2,5,12,2016,5507811529.0,5183783485.0,0,0
889,3,6,12,2016,5353953238.0,5285050852.0,0,0
890,4,7,12,2016,5675739364.0,5896922183.0,0,2
891,5,8,12,2016,0.0,0.0,0,0
892,6,9,12,2016,0.0,0.0,0,0
893,7,10,12,2016,0.0,0.0,0,0
894,1,11,12,2016,0.0,0.0,0,0
895,2,12,12,2016,7984115712.0,8125385149.0,2,0
896,3,13,12,2016,5661776562.0,5629399224.0,0,0
897,4,14,12,2016,5397018559.0,5554467118.0,0,0
898,5,15,12,2016,5148200052.0,4992939651.0,0,0
899,6,16,12,2016,4919711063.0,5218323146.0,0,0
900,7,17,12,2016,0.0,0.0,0,0
901,1,18,12,2016,0.0,0.0,0,0
902,2,19,12,2016,5118802318.0,5094120264.0,0,0
903,3,20,12,2016,6162036226.0,6097916534.0,0,0
904,4,21,12,2016,5161949908.0,5057396553.0,0,0
905,5,22,12,2016,6205219330.0,6406928420.0,0,0
906,6,23,12,2016,7531755902.0,7497792440.0,0,0
907,7,24,12,2016,0.0,0.0,0,0
908,1,25,12,2016,0.0,0.0,0,0
909,2,26,12,2016,4463134525.0,4515461372.0,0,0
910,3,27,12,2016,4831489598.0,4815538977.0,0,0
911,4,28,12,2016,4349991618.0,4393921503.0,0,0
912,5,29,12,2016,5635566857.0,5535220052.0,0,0
913,6,30,12,2016,5731572323.0,5688452961.0,0,0
914,7,31,12,2016,0.0,0.0,0,0
915,1,1,1,2017,0.0,0.0,0,0
916,2,2,1,2017,5560446130.0,5382587024.0,0,0
917,3,3,1,2017,4306633079.0,4448073958.0,0,0
918,4,4,1,2017,4130418231.0,4022185887.0,0,0
919,5,5,1,2017,4832541691.0,4819126138.0,0,0
920,6,6,1,2017,5226496604.0,5274255596.0,0,0
921,7,7,1,2017,0.0,0.0,0,0
922,1,8,1,2017,0.0,0.0,0,0
923,2,9,1,2017,5456755710.0,5380149152.0,0,0
924,3,10,1,2017,5673771452.0,5795661409.0,0,0
925,4,11,1,2017,5407084387.0,5468946567.0,0,0
926,5,12,1,2017,4543613959.0,4231171210.0,0,0
927,6,13,1,2017,7108938395.0,7421934769.0,0,0
928,7,14,1,2017,0.0,0.0,0,0
929,1,15,1,2017,0.0,0.0,0,0
930,2,16,1,2017,5419115223.0,5234384373.0,0,0
931,3,17,1,2017,4710229494.0,4589244203.0,0,0
932,4,18,1,2017,5343433835.0,5497839080.0,0,0
933,5,19,1,2017,3772677748.0,3717772610.0,0,0
934,6,20,1,2017,4342041815.0,4357534079.0,0,0
935,7,21,1,2017,0.0,0.0,0,0
936,1,22,1,2017,0.0,0.0,0,0
937,2,23,1,2017,4388103046.0,4148081860.0,0,0
938,3,24,1,2017,4686349303.0,4893802029.0,0,0
939,4,25,1,2017,4206266738.0,4259636750.0,0,0
940,5,26,1,2017,4539970293.0,4309949595.0,0,0
941,6,27,1,2017,4624663065.0,4939190541.0,0,0
942,7,28,1,2017,0.0,0.0,0,0
943,1,29,1,2017,0.0,0.0,0,0
944,2,30,1,2017,4897135445.0,4621028413.0,0,0
945,3,31,1,2017,4778139636.0,4751534838.0,0,0
946,4,1,2,2017,4380442580.0,4415097266.0,0,0
947,5,2,2,2017,3747966543.0,3780002317.0,0,0
948,6,3,2,2017,5167953286.0,5263591759.0,0,0
949,7,4,2,2017,0.0,0.0,0,0
950,1,5,2,2017,0.0,0.0,0,0
951,2,6,2,2017,4836183263.0,4937489432.0,0,0
952,3,7,2,2017,4829261127.0,4883120358.0,0,0
953,4,8,2,2017,4493645924.0,4553245853.0,0,0
954,5,9,2,2017,3301586115.0,3178030612.0,0,0
955,6,10,2,2017,3474987327.0,3490201660.0,0,0
956,7,11,2,2017,0.0,0.0,0,0
957,1,12,2,2017,0.0,0.0,0,0
958,2,13,2,2017,5495858123.0,5496894728.0,0,0
959,3,14,2,2017,4833538326.0,4777372877.0,0,0
960,4,15,2,2017,4183907064.0,4171329041.0,0,0
961,5,16,2,2017,4743410604.0,4781669616.0,0,0
962,6,17,2,2017,3594418535.0,3789565718.0,0,1
963,7,18,2,2017,0.0,0.0,0,0
964,1,19,2,2017,0.0,0.0,0,0
965,2,20,2,2017,0.0,0.0,0,0
966,3,21,2,2017,6115360560.0,6142052526.0,1,0
967,4,22,2,2017,4814533366.0,4626928073.0,0,0
968,5,23,2,2017,5964829444.0,6127050596.0,0,0
969,6,24,2,2017,6512163930.0,6583870171.0,0,2
970,7,25,2,2017,0.0,0.0,0,0
971,1,26,2,2017,0.0,0.0,0,0
972,2,27,2,2017,0.0,0.0,0,0
973,3,28,2,2017,0.0,0.0,0,0
974,4,1,3,2017,7255730902.0,6958135300.0,2,0
975,5,2,3,2017,6372823789.0,5828933003.0,0,0
976,6,3,3,2017,5280898260.0,5878897485.0,0,0
977,7,4,3,2017,0.0,0.0,0,0
978,1,5,3,2017,0.0,0.0,0,0
979,2,6,3,2017,7071240161.0,6811649395.0,0,0
980,3,7,3,2017,5353157896.0,5179100413.0,0,0
981,4,8,3,2017,4419475256.0,4124831093.0,0,0
982,5,9,3,2017,5106552508.0,4801993130.0,0,0
983,6,10,3,2017,7141874399.0,8190732801.0,0,0
984,7,11,3,2017,0.0,0.0,0,0
985,1,12,3,2017,0.0,0.0,0,0
986,2,13,3,2017,6487841322.0,6467788825.0,0,0
987,3,14,3,2017,4468443945.0,4519926606.0,0,0
988,4,15,3,2017,3994204210.0,3984146587.0,0,0
989,5,16,3,2017,3827268420.0,3955311480.0,0,0
990,6,17,3,2017,4442769870.0,4407405015.0,0,0
991,7,18,3,2017,0.0,0.0,0,0
992,1,19,3,2017,0.0,0.0,0,0
993,2,20,3,2017,5793774620.0,5661158792.0,0,0
994,3,21,3,2017,5013218183.0,5009700648.0,0,0
995,4,22,3,2017,4004455991.0,3970417415.0,0,0
996,5,23,3,2017,4835195234.0,5014285376.0,0,1
997,6,24,3,2017,0.0,0.0,0,0
998,7,25,3,2017,0.0,0.0,0,0
999,1,26,3,2017,0.0,0.0,0,0
1000,2,27,3,2017,5280490784.0,4955839397.0,1,0
1001,3,28,3,2017,4553475274.0,4826437561.0,0,0
1002,4,29,3,2017,3737938364.0,3665894459.0,0,0
1003,5,30,3,2017,3927564745.0,3730724082.0,0,0
1004,6,31,3,2017,4677688979.0,4228810320.0,0,0
1005,7,1,4,2017,0.0,0.0,0,0
1006,1,2,4,2017,0.0,0.0,0,0
1007,2,3,4,2017,6414723830.0,6372479951.0,0,0
1008,3,4,4,2017,5622358348.0,5895018059.0,0,0
1009,4,5,4,2017,5785691102.0,5940406106.0,0,0
1010,5,6,4,2017,88279765.0,26970665.0,0,0
1011,6,7,4,2017,9367298081.0,9503834085.0,0,0
1012,7,8,4,2017,0.0,0.0,0,0
1013,1,9,4,2017,0.0,0.0,0,0
1014,2,10,4,2017,10273114226.0,10022010037.0,0,0
1015,3,11,4,2017,7657561401.0,7609312168.0,0,0
1016,4,12,4,2017,6467096836.0,6899962886.0,0,2
1017,5,13,4,2017,0.0,0.0,0,0
1018,6,14,4,2017,0.0,0.0,0,0
1019,7,15,4,2017,0.0,0.0,0,0
1020,1,16,4,2017,0.0,0.0,0,0
1021,2,17,4,2017,12242859424.0,11865234351.0,2,0
1022,3,18,4,2017,5916675404.0,5916656331.0,0,0
1023,4,19,4,2017,4981212316.0,5067638166.0,0,0
1024,5,20,4,2017,4822881359.0,5147553749.0,0,0
1025,6,21,4,2017,5916548034.0,6116399805.0,0,0
1026,7,22,4,2017,0.0,0.0,0,0
1027,1,23,4,2017,0.0,0.0,0,0
1028,2,24,4,2017,6416923530.0,6359768671.0,0,0
1029,3,25,4,2017,4411060102.0,4431651698.0,0,0
1030,4,26,4,2017,4067292543.0,3992383415.0,0,0
1031,5,27,4,2017,4500695794.0,4630629762.0,0,0
1032,6,28,4,2017,5786978733.0,5577668678.0,0,1
1033,7,29,4,2017,0.0,0.0,0,0
1034,1,30,4,2017,0.0,0.0,0,0
1035,2,1,5,2017,0.0,0.0,0,0
1036,3,2,5,2017,6071901233.0,5382008498.0,1,0
1037,4,3,5,2017,5648555176.0,5601479848.0,0,0
1038,5,4,5,2017,6157230376.0,5990730583.0,0,0
1039,6,5,5,2017,5632045314.0,6414434512.0,0,0
1040,7,6,5,2017,0.0,0.0,0,0
1041,1,7,5,2017,0.0,0.0,0,0
1042,2,8,5,2017,7843708106.0,7603025823.0,0,0
1043,3,9,5,2017,5417116659.0,5343006703.0,0,0
1044,4,10,5,2017,5196076152.0,5222950402.0,0,0
1045,5,11,5,2017,4724132306.0,4844148156.0,0,0
