FECHA;DEMANDA_CAJA;DEMANDA_ATM
2015-03-01;0;10403450
2015-03-02;-3353165;2760790
2015-03-03;-840656;3263600
2015-03-04;-2142786;2444300
2015-03-05;-1223236;2782860
2015-03-06;-1874320;6024450
2015-03-07;0;6024450
2015-03-08;0;6024450
2015-03-09;-5407557;2138510
2015-03-10;-3477578;1912720
2015-03-11;-3597880;1829810
2015-03-12;-2412493;1771270
2015-03-13;-1951646;3884180
2015-03-14;0;3884180
2015-03-15;0;3884180
2015-03-16;-4225806;1451270
2015-03-17;-3110233;1656440
2015-03-18;-2355825;1770010
2015-03-19;-512453;1963290
2015-03-20;529049;6430800
2015-03-21;0;6430800
2015-03-22;0;6430800
2015-03-23;0;6430800
2015-03-24;0;6430800
2015-03-25;-3860137;1418650
2015-03-26;-847537;1226270
2015-03-27;-1940269;2901810
2015-03-28;0;2901810
2015-03-29;0;2901810
2015-03-30;-1942280;9860000
2015-03-31;0;9860000
2015-04-01;-836883;10629720
2015-04-02;0;10629720
2015-04-03;0;10629720
2015-04-04;0;10629720
2015-04-05;0;10629720
2015-04-06;-4249462;2890800
2015-04-07;-2923018;2883270
2015-04-08;-3721107;2463670
2015-04-09;-2181530;2920360
2015-04-10;-3090650;5460130
2015-04-11;0;5460130
2015-04-12;0;5460130
2015-04-13;-6854075;1641380
2015-04-14;-2152294;1915100
2015-04-15;-2132497;2023210
2015-04-16;-1715757;1627550
2015-04-17;-710668;3487650
2015-04-18;0;3487650
2015-04-19;0;3487650
2015-04-20;-4142464;1490190
2015-04-21;-1567162;1850230
2015-04-22;-1827220;1786150
2015-04-23;-1186840;1387140
2015-04-24;148242;2803550
2015-04-25;0;2803550
2015-04-26;0;2803550
2015-04-27;-2431891;1145760
2015-04-28;-2346348;2085430
2015-04-29;143747;3322030
2015-04-30;1869199;14100000
2015-05-01;0;11748870
2015-05-02;0;11748870
2015-05-03;0;11748870
2015-05-04;-3932914;3134530
2015-05-05;-1916419;2974270
2015-05-06;-1951752;3538300
2015-05-07;-2117599;2443470
2015-05-08;-1885317;5597260
2015-05-09;0;5597260
2015-05-10;0;5597260
2015-05-11;-6176530;1923870
2015-05-12;-2576056;1710530
2015-05-13;-3034355;1815800
2015-05-14;-2365772;1925200
2015-05-15;-1466526;3769240
2015-05-16;0;3769240
2015-05-17;0;3769240
2015-05-18;-3753123;1502620
2015-05-19;-2843470;1582530
2015-05-20;-1551523;2081900
2015-05-21;-900240;2257060
2015-05-22;3294;4186750
2015-05-23;0;4186750
2015-05-24;0;4186750
2015-05-25;0;4186750
2015-05-26;-4013430;932650
2015-05-27;-1887445;981250
2015-05-28;-895696;1934240
2015-05-29;949389;10750030
2015-05-30;0;12910000
2015-05-31;0;12910000
2015-06-01;-2709105;3007800
2015-06-02;-549792;3093100
2015-06-03;-2285156;2989110
2015-06-04;-1040155;3066410
2015-06-05;44827;7307420
2015-06-06;0;7307420
2015-06-07;0;7307420
2015-06-08;-4600831;2490850
2015-06-09;-2158552;3047310
2015-06-10;-3541909;1427980
2015-06-11;-1331581;2029020
2015-06-12;-1307292;4055080
2015-06-13;0;4055080
2015-06-14;0;4055080
2015-06-15;-4738367;1961490
2015-06-16;-2393271;2666330
2015-06-17;-1076534;4300370
2015-06-18;-1812277;2978020
2015-06-19;-772316;6993080
2015-06-20;0;6993080
2015-06-21;0;6993080
2015-06-22;-3455951;2253900
2015-06-23;-651784;2006900
2015-06-24;-1904554;2099150
2015-06-25;-989475;1834310
2015-06-26;-512669;3600970
2015-06-27;0;3600970
2015-06-28;0;3600970
2015-06-29;-3216151;2465960
2015-06-30;625421;5910000
2015-07-01;-1203591;4704440
2015-07-02;-198960;2895310
2015-07-03;-2665364;8550550
2015-07-04;0;8550550
2015-07-05;0;8550550
2015-07-06;-6771453;3634670
2015-07-07;-3254416;4077550
2015-07-08;-3892046;6933450
2015-07-09;0;6933450
2015-07-10;-4504121;6088450
2015-07-11;0;6088450
2015-07-12;0;6088450
2015-07-13;-5503474;2029470
2015-07-14;-2642066;2119250
2015-07-15;-2660691;0
2015-07-16;-1249238;1890420
2015-07-17;-1278115;4202700
2015-07-18;0;4202700
2015-07-19;0;4202700
2015-07-20;-5331821;1424150
2015-07-21;-1100849;2107720
2015-07-22;-1844547;1822250
2015-07-23;-1822927;1365570
2015-07-24;-11096;3427980
2015-07-25;0;3427980
2015-07-26;0;3427980
2015-07-27;-4049979;1390530
2015-07-28;-1216017;1466840
2015-07-29;-1417288;1080660
2015-07-30;84926;2932460
2015-07-31;1632279;11638270
2015-08-01;0;11638270
2015-08-02;0;11638270
2015-08-03;-2445122;3072820
2015-08-04;-1531308;2767080
2015-08-05;-665084;3056890
2015-08-06;-1117314;3354430
2015-08-07;463160;6476810
2015-08-08;0;6476810
2015-08-09;0;6476810
2015-08-10;240707;2229950
2015-08-11;-1611000;2288690
2015-08-12;-1326443;1967980
2015-08-13;-90128;1992130
2015-08-14;-815455;4566410
2015-08-15;0;4566410
2015-08-16;0;4566410
2015-08-17;0;4566410
2015-08-18;-596624;1431960
2015-08-19;-614542;1898700
2015-08-20;-967498;1518900
2015-08-21;820511;4561470
2015-08-22;0;4561470
2015-08-23;0;4561470
2015-08-24;-5513309;878520
2015-08-25;2985362;1263630
2015-08-26;-3369830;1330320
2015-08-27;-5209208;1404480
2015-08-28;-149711;10627930
2015-08-29;0;10627930
2015-08-30;0;10627930
2015-08-31;-243282;3856750
2015-09-01;-357279;3542780
2015-09-02;-1534454;2969300
2015-09-03;-2295779;2704580
2015-09-04;-897466;6898820
2015-09-05;0;6898820
2015-09-06;0;6898820
2015-09-07;-5371649;2152750
2015-09-08;-2155521;2859320
2015-09-09;-3328210;2259450
2015-09-10;-3316697;2253030
2015-09-11;-6471527;4470320
2015-09-12;0;4470320
2015-09-13;0;4470320
2015-09-14;-5379377;1976350
2015-09-15;-2510061;1969030
2015-09-16;-3012931;1814450
2015-09-17;-1329538;2230610
2015-09-18;-1452538;4582370
2015-09-19;0;4582370
2015-09-20;0;4582370
2015-09-21;-3628244;1743730
2015-09-22;-1718971;1585680
2015-09-23;-2355983;1352310
2015-09-24;-1052132;1595770
2015-09-25;-1012486;2861600
2015-09-26;0;2861600
2015-09-27;0;2861600
2015-09-28;-4760707;1206550
2015-09-29;-1775836;5009530
2015-09-30;-2038036;3843040
2015-10-01;89297;4655610
2015-10-02;79475;7701280
2015-10-03;0;7701280
2015-10-04;0;7701280
2015-10-05;-4402818;2977590
2015-10-06;-1472468;2869210
2015-10-07;-3440104;3099690
2015-10-08;-1451455;2357750
2015-10-09;-3630535;5596210
2015-10-10;0;5596210
2015-10-11;0;5596210
2015-10-12;0;5596210
2015-10-13;-7256660;1741050
2015-10-14;-2940522;2158570
2015-10-15;-2200596;2067310
2015-10-16;-1234314;4855870
2015-10-17;0;4855870
2015-10-18;0;4855870
2015-10-19;-6297385;1845460
2015-10-20;-2242398;1643460
2015-10-21;-1734168;1560900
2015-10-22;-622534;1704940
2015-10-23;964421;3270400
2015-10-24;0;3270400
2015-10-25;0;3270400
2015-10-26;-2681222;1268250
2015-10-27;-425418;1272450
2015-10-28;-261755;1279250
2015-10-29;-525323;1310650
2015-10-30;383139;10805770
2015-10-31;0;10805770
2015-11-01;0;10805770
2015-11-02;0;3597100
2015-11-03;-1191722;4069830
2015-11-04;-2997646;2072260
2015-11-05;-981493;9811250
2015-11-06;0;9811250
2015-11-07;0;9811250
2015-11-08;0;9811250
2015-11-09;-9134090;2053520
2015-11-10;-3947998;2368570
2015-11-11;-2789593;2133370
2015-11-12;-2247777;2111910
2015-11-13;-2230129;3757900
2015-11-14;0;3757900
2015-11-15;0;3757900
2015-11-16;-3167202;1239460
2015-11-17;-3827755;1991410
2015-11-18;-2376903;1889570
2015-11-19;-1655205;1769750
2015-11-20;-378726;4797740
2015-11-21;0;4797740
2015-11-22;0;4797740
2015-11-23;-3793658;1426000
2015-11-24;-716271;1349300
2015-11-25;-159110;1284980
2015-11-26;-1126522;11544480
2015-11-27;0;11544480
2015-11-28;0;11544480
2015-11-29;0;11544480
2015-11-30;-3986926;3923520
2015-12-01;-1118223;4017090
2015-12-02;-2635014;4983100
2015-12-03;-333571;3133000
2015-12-04;-1464525;12186330
2015-12-05;0;12186330
2015-12-06;0;12186330
2015-12-07;0;12186330
2015-12-08;0;12186330
2015-12-09;-6300103;2642660
2015-12-10;-4786215;3196260
2015-12-11;-3507974;5443260
2015-12-12;0;5443260
2015-12-13;0;5443260
2015-12-14;-5838514;1711030
2015-12-15;-3031454;2386410
2015-12-16;-3208980;2349460
2015-12-17;-2590400;2218290
2015-12-18;-2128050;6199280
2015-12-19;0;6199280
2015-12-20;0;6199280
2015-12-21;-4994664;2724310
2015-12-22;54592;6017140
2015-12-23;-2185803;0
2015-12-24;-2005967;0
2015-12-25;0;9715060
2015-12-26;0;9715060
2015-12-27;0;9715060
2015-12-28;-4127615;1524020
2015-12-29;-905264;1853290
2015-12-30;-1268755;0
2015-12-31;-1476820;0
2016-01-01;0;13885840
2016-01-02;0;13885840
2016-01-03;0;13885840
2016-01-04;-5954269;3313550
2016-01-05;-3577432;2976760
2016-01-06;-3837261;3261520
2016-01-07;-4033181;3134100
2016-01-08;-3674613;6125240
2016-01-09;0;6125240
2016-01-10;0;6125240
2016-01-11;-6376755;2400670
2016-01-12;-7710667;2220860
2016-01-13;-3790003;2359520
2016-01-14;-1101247;1977340
2016-01-15;-2930518;4296530
2016-01-16;0;4296530
2016-01-17;0;4296530
2016-01-18;-3563383;1747520
2016-01-19;-2089438;1987570
2016-01-20;-2139392;1803940
2016-01-21;-1783439;1671040
2016-01-22;-770256;3223260
2016-01-23;0;3223260
2016-01-24;0;3223260
2016-01-25;-3568180;1402140
2016-01-26;-2113216;1256770
2016-01-27;-1342707;1416760
2016-01-28;-1152843;1658110
2016-01-29;390248;11358190
2016-01-30;0;11358190
2016-01-31;0;11358190
2016-02-01;-1389727;3523770
2016-02-02;-1168670;3319730
2016-02-03;-1581390;3630000
2016-02-04;-701376;2196200
2016-02-05;-1649609;10096450
2016-02-06;0;10096450
2016-02-07;0;10096450
2016-02-08;0;10096450
2016-02-09;0;10096450
2016-02-10;-7154556;2648420
2016-02-11;-3047730;2442000
2016-02-12;-4053067;5271260
2016-02-13;0;5271260
2016-02-14;0;5271260
2016-02-15;-3871652;2189510
2016-02-16;-2342587;2707400
2016-02-17;-2540499;1291150
2016-02-18;-88194;2058110
2016-02-19;33986;4538890
2016-02-20;0;4538890
2016-02-21;0;4538890
2016-02-22;-2541557;1626390
2016-02-23;-1194516;1715130
2016-02-24;-1371217;2471400
2016-02-25;-591620;1068590
2016-02-26;-1220552;10951930
2016-02-27;0;10951930
2016-02-28;0;10951930
2016-02-29;68967;3375400
2016-03-01;-1270769;3269710
2016-03-02;-1285156;3752900
2016-03-03;-419462;2437790
2016-03-04;-1167107;8917050
2016-03-05;0;8917050
2016-03-06;0;8917050
2016-03-07;-3752158;2778980
2016-03-08;-2401162;2484400
2016-03-09;-2928364;3311750
2016-03-10;-2099479;1940530
2016-03-11;-2830459;5605160
2016-03-12;0;5605160
2016-03-13;0;5605160
2016-03-14;-3826656;2097440
2016-03-15;-2203359;2617350
2016-03-16;-2376408;2684270
2016-03-17;-1798085;2359000
2016-03-18;-1009765;4601900
2016-03-19;0;4601900
2016-03-20;0;4601900
2016-03-21;-2439111;1925010
2016-03-22;-1463895;2483360
2016-03-23;-34046;4432960
2016-03-24;0;4432960
2016-03-25;0;4432960
2016-03-26;0;4432960
2016-03-27;0;4432960
2016-03-28;-2579531;1510680
2016-03-29;-593883;1542590
2016-03-30;-1214722;2851770
2016-03-31;1025240;6562990
2016-04-01;-720767;9778990
2016-04-02;0;9778990
2016-04-03;0;9778990
2016-04-04;-2376137;3256990
2016-04-05;-1390141;3435450
2016-04-06;-2419045;4238230
2016-04-07;-2080288;3633430
2016-04-08;-2946889;6088320
2016-04-09;0;6088320
2016-04-10;0;6088320
2016-04-11;-5992453;1896730
2016-04-12;-2907041;2572870
2016-04-13;-2072556;0
2016-04-14;0;4308950
2016-04-15;-3823849;4956580
2016-04-16;0;4956580
2016-04-17;0;4956580
2016-04-18;-3105691;1928070
2016-04-19;-1455473;2447220
2016-04-20;-833685;0
2016-04-21;-222738;4781900
2016-04-22;-2729713;3537700
2016-04-23;0;3537700
2016-04-24;0;3537700
2016-04-25;-2036921;1624200
2016-04-26;-969744;1511650
2016-04-27;-584851;1483050
2016-04-28;241111;1694200
2016-04-29;163464;13796190
2016-04-30;0;13796190
2016-05-01;0;13796190
2016-05-02;-2718915;3654180
2016-05-03;-537597;3448770
2016-05-04;-1579317;3584100
2016-05-05;-1348901;4178740
2016-05-06;-1951857;7726630
2016-05-07;0;7726630
2016-05-08;0;7726630
2016-05-09;-4981992;3236960
2016-05-10;-4587219;2746990
2016-05-11;-3231259;2308130
2016-05-12;-1069376;2656270
2016-05-13;-2998753;4923830
2016-05-14;0;4923830
2016-05-15;0;4923830
2016-05-16;-5592378;2358830
2016-05-17;-3247857;2432550
2016-05-18;-1529570;2583310
2016-05-19;-821342;2717700
2016-05-20;970286;4639220
2016-05-21;0;4639220
2016-05-22;0;4639220
2016-05-23;-5755252;1860770
2016-05-24;-1766313;2659550
2016-05-25;0;2659550
2016-05-26;-1700263;1724700
2016-05-27;-722913;3756400
2016-05-28;0;3756400
2016-05-29;0;3756400
2016-05-30;-1305423;4554280
2016-05-31;735066;4329480
2016-06-01;-1488984;6087660
2016-06-02;-1572139;4972760
2016-06-03;2517252;10139090
2016-06-04;0;10139090
2016-06-05;0;10139090
2016-06-06;-2888496;3407450
2016-06-07;-2440317;3512780
2016-06-08;-2573449;3649550
2016-06-09;-3151079;3343770
2016-06-10;-2237158;0
2016-06-11;0;0
2016-06-12;0;0
2016-06-13;0;8151630
2016-06-14;-4768735;2887600
2016-06-15;-2445955;3154740
2016-06-16;-880029;9064250
2016-06-17;0;9064250
2016-06-18;0;9064250
2016-06-19;0;9064250
2016-06-20;0;9064250
2016-06-21;-3787391;4170700
2016-06-22;-899124;6256050
2016-06-23;-2233009;3961250
2016-06-24;-1506194;7999520
2016-06-25;0;7999520
2016-06-26;0;7999520
2016-06-27;-2480081;2319810
2016-06-28;-1278639;2684500
2016-06-29;339549;4975740
2016-06-30;176351;6209640
2016-07-01;1008350;11116780
2016-07-02;0;11116780
2016-07-03;0;11116780
2016-07-04;-1289438;3853950
2016-07-05;-2704617;4016260
2016-07-06;-2756806;3701410
2016-07-07;-1620788;9882660
2016-07-08;0;9882660
2016-07-09;0;9882660
2016-07-10;0;9882660
2016-07-11;-5833172;3126670
2016-07-12;-3872672;2770610
2016-07-13;-4304167;1701990
2016-07-14;-1640110;3548990
2016-07-15;-862639;5510370
2016-07-16;0;5510370
2016-07-17;0;5510370
2016-07-18;-4413589;2204800
2016-07-19;-658131;2314000
2016-07-20;-659990;2272350
2016-07-21;-651046;2883580
2016-07-22;1811640;5555060
2016-07-23;0;5555060
2016-07-24;0;5555060
2016-07-25;-1059945;1287900
2016-07-26;-1063228;2193700
2016-07-27;-694439;1725740
2016-07-28;-1212514;2377190
2016-07-29;1060449;14699550
2016-07-30;0;14699550
2016-07-31;0;14699550
2016-08-01;-3585751;5524400
2016-08-02;-1861409;3878900
2016-08-03;-1365819;3792450
2016-08-04;-1164273;3660800
2016-08-05;-212833;7959550
2016-08-06;0;7959550
2016-08-07;0;7959550
2016-08-08;-3157262;2645100
2016-08-09;-2594303;2810700
2016-08-10;-5241850;2105800
2016-08-11;-762081;2802000
2016-08-12;-1827957;6894000
2016-08-13;0;6894000
2016-08-14;0;6894000
2016-08-15;0;6894000
2016-08-16;-3972495;1841600
2016-08-17;-3949208;1882000
2016-08-18;-1360489;2709400
2016-08-19;87639;7010300
2016-08-20;0;7010300
2016-08-21;0;7010300
2016-08-22;-3314452;1871300
2016-08-23;-936341;1578900
2016-08-24;-1889348;2023500
2016-08-25;-1197461;1496000
2016-08-26;210539;3319300
2016-08-27;0;3319300
2016-08-28;0;3319300
2016-08-29;-2438121;1209400
2016-08-30;-776934;4196300
2016-08-31;-1268348;5033200
2016-09-01;107427;5768900
2016-09-02;-812235;9112600
2016-09-03;0;9112600
2016-09-04;0;9112600
2016-09-05;-3447251;3252900
2016-09-06;-1428027;4245500
2016-09-07;-4294028;2904300
2016-09-08;-3850366;4131600
2016-09-09;-3783817;7309800
2016-09-10;0;7309800
2016-09-11;0;7309800
2016-09-12;-5327909;3061100
2016-09-13;-2998593;2725900
2016-09-14;-2201544;1733400
2016-09-15;-1147337;2948700
2016-09-16;-1110477;5350900
2016-09-17;0;5350900
2016-09-18;0;5350900
2016-09-19;-4538582;2587100
2016-09-20;-2294001;2763900
2016-09-21;-2325986;1958100
2016-09-22;-1607651;2402000
2016-09-23;-1486787;3535000
2016-09-24;0;3535000
2016-09-25;0;3535000
2016-09-26;-1806529;1280500
2016-09-27;-177543;1868800
2016-09-28;-1457604;3665600
2016-09-29;-311960;6588700
2016-09-30;1851743;0
2016-10-01;0;10336700
2016-10-02;0;10336700
2016-10-03;-3374626;4026400
2016-10-04;-925065;3008100
2016-10-05;-3822041;3153600
2016-10-06;-1708449;4489100
2016-10-07;-2938102;9454800
2016-10-08;0;9454800
2016-10-09;0;9454800
2016-10-10;0;9454800
2016-10-11;-7328374;2360000
2016-10-12;-5342965;2075500
2016-10-13;-2285517;2640800
2016-10-14;-3521427;5467200
2016-10-15;0;5467200
2016-10-16;0;5467200
2016-10-17;-4810087;2088900
2016-10-18;-2932127;1753000
2016-10-19;-4521272;3436800
2016-10-20;-2259999;3188400
2016-10-21;-1732894;4652400
2016-10-22;0;4652400
2016-10-23;0;4652400
2016-10-24;-2927931;1640400
2016-10-25;-2898122;1855900
2016-10-26;406831;1908700
2016-10-27;-740495;4773000
2016-10-28;-569374;11832600
2016-10-29;0;11832600
2016-10-30;0;11832600
2016-10-31;-2736374;3803900
2016-11-01;-1927441;3871400
2016-11-02;-1735043;3857200
2016-11-03;-875787;3742900
2016-11-04;-1339145;7871900
2016-11-05;0;7871900
2016-11-06;0;7871900
2016-11-07;-3101893;2998600
2016-11-08;-2572957;2799100
2016-11-09;-5110183;1999200
2016-11-10;-2265649;3487500
2016-11-11;-2852775;5235100
2016-11-12;0;5235100
2016-11-13;0;5235100
2016-11-14;-4669102;2539700
2016-11-15;-1629610;2394800
2016-11-16;-3190516;2649400
2016-11-17;-1562169;1907800
2016-11-18;-1836121;6587200
2016-11-19;0;6587200
2016-11-20;0;6587200
2016-11-21;-2459935;1917000
2016-11-22;-1929690;2001900
2016-11-23;-1908274;1321800
2016-11-24;-1635035;1757800
2016-11-25;-344153;4322300
2016-11-26;0;4322300
2016-11-27;0;4322300
2016-11-28;0;4322300
2016-11-29;-3131116;4252000
2016-11-30;531555;5248400
2016-12-01;-102346;7273900
2016-12-02;-791054;12417200
2016-12-03;0;12417200
2016-12-04;0;12417200
2016-12-05;-7583920;3346700
2016-12-06;-746092;4187700
2016-12-07;-4198597;10654500
2016-12-08;0;10654500
2016-12-09;0;10654500
2016-12-10;0;10654500
2016-12-11;0;10654500
2016-12-12;-10132522;4839700
2016-12-13;-2023845;3277000
2016-12-14;-4276262;5882800
2016-12-15;-566567;7660000
2016-12-16;-2883330;8533500
2016-12-17;0;8533500
2016-12-18;0;8533500
2016-12-19;-3293818;3763800
2016-12-20;-1833143;6121600
2016-12-21;-1899609;6210300
2016-12-22;573169;5219900
2016-12-23;814714;5471500
2016-12-24;0;5471500
2016-12-25;0;5471500
2016-12-26;-2567226;2071300
2016-12-27;-1195154;2392700
2016-12-28;-1694226;4321100
2016-12-29;1732566;5390400
2016-12-30;-1191984;0
2016-12-31;0;0
2017-01-01;0;7442900
2017-01-02;-3982965;2602900
2017-01-03;-3272464;3751400
2017-01-04;-1905878;2948400
2017-01-05;-1617431;2350500
2017-01-06;-1539478;8687500
2017-01-07;0;8687500
2017-01-08;0;8687500
2017-01-09;-7637823;3259800
2017-01-10;-5791601;3109700
2017-01-11;-5170278;1928000
2017-01-12;-2407115;3403000
2017-01-13;-3817649;4985200
2017-01-14;0;4985200
2017-01-15;0;4985200
2017-01-16;-6580368;2303600
2017-01-17;-3791476;2453600
2017-01-18;-2871635;2443000
2017-01-19;-3418218;2398400
2017-01-20;-1278425;4219500
2017-01-21;0;4219500
2017-01-22;0;4219500
2017-01-23;-4243797;2332000
2017-01-24;-1863026;1942200
2017-01-25;-2728143;2398100
2017-01-26;-3035358;1648600
2017-01-27;-890562;4013500
2017-01-28;0;4013500
2017-01-29;0;4013500
2017-01-30;-6102238;5458100
2017-01-31;-1876933;5486700
2017-02-01;-3872168;5569700
2017-02-02;-1802486;4783800
2017-02-03;-3279870;7758400
2017-02-04;0;7758400
2017-02-05;0;7758400
2017-02-06;-4053651;4080700
2017-02-07;-4217057;2873900
2017-02-08;-4614441;1941100
2017-02-09;-4066661;3636200
2017-02-10;-6137860;6565200
2017-02-11;0;6565200
2017-02-12;0;6565200
2017-02-13;-6934286;2680300
2017-02-14;-2852814;2130900
2017-02-15;-1280331;3905000
2017-02-16;-3781355;3434000
2017-02-17;-1412344;4304500
2017-02-18;0;4304500
2017-02-19;0;4304500
2017-02-20;-3315239;2316500
2017-02-21;-1346193;3274300
2017-02-22;-2291383;3214600
2017-02-23;-1001967;3109100
2017-02-24;-1673139;19111100
2017-02-25;0;19111100
2017-02-26;0;19111100
2017-02-27;0;19111100
2017-02-28;0;19111100
2017-03-01;-4565356;4618500
2017-03-02;-1678518;4851800
2017-03-03;-1752667;8670600
2017-03-04;0;8670600
2017-03-05;0;8670600
2017-03-06;-5157609;5608700
2017-03-07;-4411586;4174200
2017-03-08;-6089123;4270000
2017-03-09;-3209981;4196800
2017-03-10;-3391561;6651900
2017-03-11;0;6651900
2017-03-12;0;6651900
2017-03-13;-7267592;2971800
2017-03-14;-2838700;2111400
2017-03-15;-3846616;3373100
2017-03-16;-3977689;4352400
2017-03-17;-1240922;5366200
2017-03-18;0;5366200
2017-03-19;0;5366200
2017-03-20;-4309498;0
2017-03-21;-879767;0
2017-03-22;-2069618;0
2017-03-23;-293457;0
2017-03-24;0;0
2017-03-25;0;0
2017-03-26;0;0
2017-03-27;-4160208;0
2017-03-28;-2148520;0
2017-03-29;-655314;0
2017-03-30;-2364525;0
2017-03-31;-1307924;0
2017-04-01;0;0
2017-04-02;0;0
2017-04-03;-1901969;0
2017-04-04;-2342648;0
2017-04-05;-2566822;0
2017-04-06;-706732;0
2017-04-07;-4979867;0
2017-04-08;0;0
2017-04-09;0;0
2017-04-10;-7003587;0
2017-04-11;-3015034;0
2017-04-12;-4958752;0
2017-04-13;0;0
2017-04-14;0;0
2017-04-15;0;0
2017-04-16;0;0
2017-04-17;-7849552;0
2017-04-18;-4709350;0
2017-04-19;-2987068;0
2017-04-20;-1831324;0
2017-04-21;-2168258;0
2017-04-22;0;0
2017-04-23;0;0
2017-04-24;-2478147;0
2017-04-25;-2385787;0
2017-04-26;-375151;0
2017-04-27;-885907;0
2017-04-28;1731686;0
2017-04-29;0;0
2017-04-30;0;0
2017-05-01;0;0
2017-05-02;-4246735;0
2017-05-03;-2850611;0
2017-05-04;-1292317;0
2017-05-05;-2032844;0
2017-05-06;0;0
2017-05-07;0;0
2017-05-08;-8979540;0
2017-05-09;-3321633;0
2017-05-10;-6453658;0
2017-05-11;-3413601;0
2017-05-12;-1902603;0
2017-05-13;0;0
2017-05-14;0;0
2017-05-15;-4659607;0
2017-05-16;-5602194;0
2017-05-17;-2212519;0
2017-05-18;-1407071;0
2017-05-19;627911;0
2017-05-20;0;0
2017-05-21;0;0
2017-05-22;-2376486;0
2017-05-23;-572457;0
2017-05-24;-2047194;0
2017-05-25;0;0
2017-05-26;-1004261;0
2017-05-27;0;0
2017-05-28;0;0
2017-05-29;-3635807;0
2017-05-30;-2163686;0
2017-05-31;-306203;0
2017-06-01;444355;0
2017-06-02;-540222;0
2017-06-03;0;0
2017-06-04;0;0
2017-06-05;-4640356;0
2017-06-06;-3913835;0
2017-06-07;-5199861;0
2017-06-08;-4312555;0
2017-06-09;-2946803;0
2017-06-10;0;0
2017-06-11;0;0
2017-06-12;-6702132;0
2017-06-13;0;0
2017-06-14;-6550586;0
2017-06-15;-1459290;0
2017-06-16;-2415820;0
2017-06-17;0;0
2017-06-18;0;0
2017-06-19;-4678558;0
2017-06-20;0;0
2017-06-21;-3420740;0
2017-06-22;-224322;0
2017-06-23;1600644;0
2017-06-24;0;0
2017-06-25;0;0
2017-06-26;-2227345;0
2017-06-27;-1706648;0
2017-06-28;-1126492;0
2017-06-29;-470938;0
2017-06-30;3761411;0
2017-07-01;0;0
2017-07-02;0;0
2017-07-03;-3508398;0
2017-07-04;-1309554;0
2017-07-05;-2209428;0
2017-07-06;-2289727;0
2017-07-07;-2204770;0
2017-07-08;0;0
2017-07-09;0;0
2017-07-10;-10797746;0
2017-07-11;-5363499;0
2017-07-12;-6376080;0
2017-07-13;-3531857;0
2017-07-14;-123504;0
2017-07-15;0;0
2017-07-16;0;0
2017-07-17;-4801228;0
2017-07-18;-2684791;0
2017-07-19;-2458574;0
2017-07-20;-1206020;0
2017-07-21;555948;0
2017-07-22;0;0
2017-07-23;0;0
2017-07-24;-5579129;0
2017-07-25;-961728;0
2017-07-26;-2355239;0
2017-07-27;-1379572;0
2017-07-28;2136035;0
2017-07-29;0;0
2017-07-30;0;0
2017-07-31;-1824149;0
2017-08-01;-21917;0
2017-08-02;-3990561;0
2017-08-03;169475;0
2017-08-04;-1743200;0
2017-08-05;0;0
2017-08-06;0;0
2017-08-07;-4697381;0
2017-08-08;-4453624;0
2017-08-09;-3722787;0
2017-08-10;-4368199;0
2017-08-11;-2130554;0
2017-08-12;0;0
2017-08-13;0;0
2017-08-14;-3647719;0
2017-08-15;-3205490;0
2017-08-16;-5026194;0
2017-08-17;6051750;0
2017-08-18;-2208598;0
2017-08-19;0;0
2017-08-20;0;0
2017-08-21;0;0
2017-08-22;-8983705;0
2017-08-23;-4083697;0
2017-08-24;-859639;0
2017-08-25;-2335300;0
2017-08-26;0;0
2017-08-27;0;0
2017-08-28;-7201151;0
2017-08-29;-2122325;0
2017-08-30;-1189171;0
2017-08-31;462510;0
2017-09-01;-615253;0
2017-09-02;0;0
2017-09-03;0;0
2017-09-04;-4944132;0
2017-09-05;-2509559;0
2017-09-06;-5502144;0
2017-09-07;-2674128;0
2017-09-08;-2078487;0
2017-09-09;0;0
2017-09-10;0;0
2017-09-11;-13725580;0
2017-09-12;-5119768;0
2017-09-13;-4680195;0
2017-09-14;-2886659;0
2017-09-15;-4895162;0
2017-09-16;0;0
2017-09-17;0;0
2017-09-18;-8697025;0
2017-09-19;-3484541;0
2017-09-20;-2080266;0
2017-09-21;-1973065;0
2017-09-22;12107;0
2017-09-23;0;0
2017-09-24;0;0
2017-09-25;-6107107;0
2017-09-26;-1775385;0
2017-09-27;-3315255;0
2017-09-28;-1931828;0
2017-09-29;-197660;0
2017-09-30;0;0
2017-10-01;0;0
2017-10-02;-6458751;0
2017-10-03;-2204414;0
2017-10-04;-3103329;0
2017-10-05;-1677067;0
2017-10-06;-4480979;0
2017-10-07;0;0
2017-10-08;0;0
2017-10-09;-7235527;0
2017-10-10;-6046568;0
2017-10-11;-3861298;0
2017-10-12;-1872026;0
2017-10-13;-2644136;0
2017-10-14;0;0
2017-10-15;0;0
2017-10-16;0;0
2017-10-17;-9334736;0
2017-10-18;-3163902;0
2017-10-19;-85959;0
2017-10-20;-301691;0
2017-10-21;0;0
2017-10-22;0;0
2017-10-23;-2334013;0
2017-10-24;-1191225;0
2017-10-25;-1837577;0
2017-10-26;879890;0
2017-10-27;-231596;0
2017-10-28;0;0
2017-10-29;0;0
2017-10-30;-6413918;0
2017-10-31;-1072390;0
2017-11-01;-687272;0
2017-11-02;-6191736;0
2017-11-03;-3761318;0
2017-11-04;0;0
2017-11-05;0;0
2017-11-06;0;0
2017-11-07;-16081347;0
2017-11-08;-2723270;0
2017-11-09;-6266952;0
2017-11-10;-6680977;0
2017-11-11;0;0
2017-11-12;0;0
2017-11-13;-11198567;0
2017-11-14;-4014303;0
2017-11-15;-4425877;0
2017-11-16;-2655720;0
2017-11-17;-1868989;0
2017-11-18;0;0
2017-11-19;0;0
2017-11-20;0;0
2017-11-21;-8139110;0
2017-11-22;-2391462;0
2017-11-23;-3449237;0
2017-11-24;-4601158;0
2017-11-25;0;0
2017-11-26;0;0
2017-11-27;-7715947;0
2017-11-28;-3038467;0
2017-11-29;-2366604;0
2017-11-30;396047;0
2017-12-01;-2214498;0
2017-12-02;0;0
2017-12-03;0;0
2017-12-04;-6464116;0
2017-12-05;-6996931;0
2017-12-06;-516439;0
2017-12-07;-8948573;0
2017-12-08;0;0
2017-12-09;0;0
2017-12-10;0;0
2017-12-11;-6860071;0
2017-12-12;-4422728;0
2017-12-13;-2363696;0
2017-12-14;-1462246;0
2017-12-15;-498641;0
2017-12-16;0;0
2017-12-17;0;0
2017-12-18;-3166121;0
2017-12-19;1127076;0
2017-12-20;-50435;0
2017-12-21;2427013;0
2017-12-22;2372355;0
2017-12-23;0;0
2017-12-24;0;0
2017-12-25;0;0
2017-12-26;-1724387;0
2017-12-27;-194281;0
2017-12-28;33721;0
2017-12-29;2477447;0
2017-12-30;0;0
2017-12-31;0;0
